seller_id,seller_total_revenue,seller_n_items,seller_n_orders,seller_avg_price,seller_state
4a3ca9315b744ce9f8e9374361493884,24872.23,201,189,106.34253731343284,sp
fa1c13f2614d7b5c4749cbc52fecda94,24119.21,57,57,406.4540350877193,sp
7c67e1448b00f6e969d365cea6b010ab,24109.95,141,95,134.19262411347518,sp
4869f7a5dfa277a7dca6462dcf3b52b2,22649.79,101,101,206.13346534653465,sp
7e93a43ef30c4f03f38b393420bc753a,22320.23,39,39,553.9020512820513,sp
1025f0e2d44d7041d6cf58b6550e0bfa,21088.010000000002,188,110,87.01127659574469,sp
da8622b14eb17ae2831f4ac5b9dab84a,18884.61,167,149,96.77652694610778,sp
6560211a19b47992c3666cc44a7e94c0,16926.13,218,203,63.94954128440367,sp
1f50f920176fa81dab994f9023523100,16280.43,223,165,54.93103139013452,sp
7a67c85e85bb2ce8582c35f2203ad736,16272.15,117,116,119.95418803418804,sp
955fee9216a65b617aa5c0531780ce60,14327.62,137,124,89.45299270072992,sp
53243585a1d6dc2643021fd1853d8905,14116.779999999999,26,26,508.57153846153847,ba
cc419e0650a3c5ba77189a1882b7556a,13690.12,183,174,60.334371584699454,sp
620c87c171fb2a6dd6e8bb4dec959fc6,13592.67,81,70,150.37037037037038,rj
a1043bafd471dff536d0c462352beb48,13282.0,78,73,131.9575641025641,mg
5dceca129747e92ff8ef7a997dc4f8ca,12218.14,29,29,385.56827586206896,sp
46dc3b2cc0980fb8ec44634e21d2718e,11031.23,40,40,253.74,rj
3d871de0142ce09b7081e2b9d1733cb1,10643.55,96,90,90.42812500000001,sp
7d13fca15225358621be4086e1eb0964,10599.21,59,58,166.24389830508474,sp
7ddcbb64b5bc1ef36ca8c151f6ec77df,8641.02,51,48,143.5586274509804,sp
ccc4bbb5f32a6ab2b7066a4130f114e3,8516.16,20,20,396.8075,pr
edb1ef5e36e0c8cd84eb3c9b003e486d,7756.799999999999,12,12,624.625,rj
cca3071e3e9bb7d12640c9fbe2301306,7663.92,85,74,74.15976470588235,sp
8581055ce74af1daba164fdbd55a40de,7659.02,45,42,146.76377777777776,sp
f7ba60f8c3f99e7ee4042fdef03b70c4,7643.79,26,26,275.7692307692308,sp
634964b17796e64304cadf1ad3050fb7,7486.23,53,34,124.44339622641509,rj
712e6ed8aa4aa1fa65dab41fed5737e4,7280.34,11,11,570.6363636363636,sc
b37c4c02bda3161a7546a4e6d222d5b2,7274.88,4,1,1790.0,sp
17e34d8224d27a541263c4c64b11a56b,7263.76,22,22,307.01181818181817,sp
70eea00b476a314817cefde4aad4f89a,7237.33,14,14,491.9,sp
e9bc59e7b60fc3063eb2290deda4cced,7139.17,47,34,133.7827659574468,pr
fe2032dab1a61af8794248c8196565c9,7111.68,30,27,221.61,sp
77530e9772f57a62c906e1c21538ab82,6905.13,39,35,153.96923076923076,pr
f5a590cf36251cf1162ea35bef76fe84,6721.99,15,13,410.53266666666667,sp
d23019c84ffae2d5ef2270367b8605fc,6713.750000000001,8,8,768.35,pr
4e922959ae960d389249c378d1c939f5,6704.13,55,52,106.19363636363636,sp
2eb70248d66e0e3ef83659f71b244378,6586.549999999999,23,22,272.37695652173915,sp
17a053fcb14bd219540cbde0df490be0,6323.93,16,12,304.78499999999997,sp
37be5a7c751166fbc5f8ccba4119e043,6294.2300000000005,28,28,203.49642857142857,sp
17f51e7198701186712e53a39c564617,6174.29,7,6,751.4285714285714,sp
2bf6a2c1e71bbd29a4ad64e6d3c3629f,5961.0,3,3,1950.0,rj
ea8482cd71df3c1969d7b9473ff13abc,5938.66,127,120,32.89070866141732,sp
f8db351d8c4c4c22c6835c19a46f01b0,5938.52,71,64,66.75915492957746,sp
ceaec5548eefc6e23e6607c5435102e7,5798.56,19,19,269.84,sp
8160255418d5aaa7dbdc9f4c64ebda44,5718.47,42,35,117.68571428571428,sp
bba3293d6f5d5af2f415e004e8b93ae3,5683.2,8,8,690.17625,sp
25c5c91f63607446a97b143d2d535d31,5666.76,29,16,167.7955172413793,mg
391fc6631aebcf3004804e51b40bcf1e,5662.96,67,53,67.16820895522389,sp
eeb6de78f79159600292e314a77cbd18,5659.21,11,10,485.90636363636366,sc
de722cd6dad950a92b7d4f82673f8833,5331.21,28,26,159.54285714285714,pe
218d46b86c1881d022bce9c68a7d4b15,5078.33,36,34,123.80638888888888,sp
522620dcb18a6b31cd7bdf73665113a9,5057.61,17,17,273.2876470588235,pr
850f4f8af5ea87287ac68de36e29107f,5036.719999999999,26,25,178.98192307692307,sp
6061155addc1e54b4cfb51c1c2a32ad8,4935.76,11,6,428.04545454545456,sp
06a2c3af7b3aee5d69171b0e14f0ee87,4909.86,38,38,96.96368421052631,ma
c826c40d7b19f62a09e2d7c5e7295ee2,4884.13,35,34,125.026,sp
d91fb3b7d041e83b64a00a3edfb37e4f,4785.13,47,47,85.29723404255319,sp
b2ba3715d723d245138f291a6fe42594,4783.83,32,30,132.9965625,sp
5c243662ce92d84573bfaff24c3e3700,4766.54,12,12,379.9766666666667,sp
9c0e69c7bf2619675bbadf47b43f655a,4712.98,21,14,212.72809523809525,sp
53e4c6e0f4312d4d2107a8c9cddf45cd,4503.77,52,49,66.16192307692307,sp
ba90964cff9b9e0e6f32b23b82465f7b,4494.08,5,5,867.0,sp
b839e41795b7f3ad94cc2014a52f6796,4473.400000000001,3,3,1461.0,sp
8f2ce03f928b567e3d56181ae20ae952,4412.389999999999,26,21,145.51538461538462,sp
c3cfdc648177fdbbbb35635a37472c53,4336.51,27,25,142.18407407407406,pr
7299e27ed73d2ad986de7f7c77d919fa,4329.67,36,36,102.5461111111111,mg
7178f9f4dd81dcef02f62acdf8151e01,4213.17,23,21,161.4478260869565,sc
900ba814c251a692506d7834c1218441,4064.11,13,13,288.15999999999997,sp
744dac408745240a2c2528fb1b6028f3,4047.11,11,11,342.09090909090907,pr
1f1bb1f0859883505541bdd6606193e5,4006.72,6,6,651.9983333333333,sp
834f3294fba9f932f56edc879193f925,3993.17,6,6,597.3333333333334,sp
1835b56ce799e6a4dc4eddc053f04066,3965.0000000000005,51,37,62.67607843137255,sp
b33e7c55446eabf8fe1a42d037ac7d6d,3953.67,14,13,264.4042857142857,sp
1554a68530182680ad5c8b042c3ab563,3950.51,27,24,119.55407407407408,mg
710e3548e02bc1d2831dfc4f1b5b14d4,3934.28,17,16,205.79764705882351,pr
e59aa562b9f8076dd550fcddf0e73491,3885.83,9,8,401.0,pr
4d6d651bd7684af3fffabd5f08d12e5a,3881.38,27,25,121.58888888888889,sp
e9779976487b77c6d4ac45f75ec7afe9,3875.47,63,57,48.488412698412695,sp
5d378b73ab7dd6f0418d743e5dcb0bd1,3821.69,2,2,1844.0,sp
87142160b41353c4e5fca2360caf6f92,3808.9,33,29,95.64545454545456,rs
dbc22125167c298ef99da25668e1011f,3760.43,41,39,72.93585365853659,mg
59b22a78efb79a4797979612b885db36,3748.77,13,12,241.76923076923077,mg
0241d4d5d36f10f80c644447315af0bd,3730.9300000000003,21,19,143.55714285714288,pr
7142540dd4c91e2237acb7e911c4eba2,3653.66,29,28,107.89724137931034,sp
9f505651f4a6abe901a56cdc21508025,3646.89,50,44,58.0322,sp
dc4a0fc896dc34b0d5bfec8438291c80,3625.39,27,23,114.96037037037038,sp
5d9dc90a686a8fddacffab6bab5653a3,3524.8399999999997,3,3,1081.3266666666666,sp
12b9676b00f60f3b700e83af21824c0e,3520.99,16,16,193.9375,rs
527801b552d0077ffd170872eb49683b,3497.21,12,12,256.2333333333333,sp
f62d7bb4a613ec758a03342d46b580b2,3368.09,4,4,772.5,mg
04308b1ee57b6625f47df1d56f00eedf,3344.6899999999996,6,6,529.7333333333332,sc
1a3df491d1c4f1589fc2b934ada68bf2,3309.4500000000003,21,20,131.33809523809524,sc
004c9cd9d87a3c30c522c48c4fc07416,3299.48,22,20,125.72954545454546,sp
0b90b6df587eb83608a64ea8b390cf07,3234.76,18,15,156.73055555555555,pr
001cca7ae9ae17fb1caed9dfb1094831,3197.08,22,19,104.67272727272729,es
9803a40e82e45418ab7fb84091af5231,3195.74,6,1,516.625,go
a416b6a846a11724393025641d4edd5e,3167.41,25,21,111.5232,sp
1900267e848ceeba8fa32d80c1a5f5a8,3106.42,49,38,49.19183673469388,sp
1c68394e931a64f90ea236c5ea590300,3090.29,16,14,178.225625,pr
855668e0971d4dfd7bef1b6a4133b41b,3089.5299999999997,37,35,64.29594594594595,sp
8b321bb669392f5163d04c59e235e066,3059.16,103,98,16.164466019417475,sp
e882b2a25a10b9c057cc49695f222c19,3053.45,6,6,475.465,rj
2528744c5ef5d955adc318720a94d2e7,3052.65,2,2,1474.0,sp
7681ef142fd2c19048da7430856b5588,3037.67,5,4,583.796,sp
729f06993dac8e860d4f02d7088ca48a,2994.81,12,11,204.00833333333333,sp
897060da8b9a21f655304d50fd935913,2989.43,48,35,46.22625,sp
de23c3b98a88888289c6f5cc1209054a,2970.52,23,15,115.6195652173913,sp
bfd27a966d91cfaafdb25d076585f0da,2949.92,14,14,182.28571428571428,sp
a3a38f4affed601eb87a97788c949667,2918.2200000000003,24,23,102.60083333333334,sc
75d34ebb1bd0bd7dde40dd507b8169c3,2909.45,12,10,221.99,ba
8444e55c1f13cd5c179851e5ca5ebd00,2905.28,15,13,174.32333333333332,mg
c70c1b0d8ca86052f45a432a38b73958,2894.18,24,19,109.41041666666666,sp
d94a40fd42351c259927028d163af842,2874.88,17,17,127.07647058823531,mg
88460e8ebdecbfecb5f9601833981930,2870.9,25,25,98.62800000000001,pr
d921b68bf747894be13a97ae52b0f386,2834.09,12,12,215.4,mg
7e1fb0a3ebfb01ffb3a7dae98bf3238d,2829.4700000000003,17,16,151.28823529411764,sp
3c487ae8f8d7542beff5788e2e0aea83,2792.12,10,7,258.9,df
76d5af76d0271110f9af36c92573f765,2786.59,14,11,176.68928571428572,sp
903037660cf848a717166eb7a06d616e,2752.14,13,9,184.92923076923077,sp
966cb4760537b1404caedd472cc610a5,2751.27,4,4,667.2225,sp
c003204e1ab016dfa150abc119207b24,2721.39,19,18,123.53157894736842,sp
66922902710d126a0e7d26b0e3805106,2672.79,24,23,90.95416666666667,mg
16090f2ca825584b5a147ab24aa30c86,2660.52,37,36,57.49675675675676,sp
7aa4334be125fcdd2ba64b3180029f14,2632.06,31,30,67.56806451612904,sp
a5cba26a62b8b4d0145b68b841e62e7f,2626.23,10,10,234.93,pr
06e5eefc71ec47ae763c5c6f8db7064f,2623.7,10,10,235.97600000000003,rs
c3867b4666c7d76867627c2f7fb22e21,2615.9700000000003,18,18,127.38333333333334,sp
48162d548f5b1b11b9d29d1e01f75a61,2596.89,12,7,194.17499999999998,sp
6c12e40690c335dbc2f68a4134d30dc1,2573.75,2,2,1250.0,pr
229c3efbfb0ea2058de4ccdfbc3d784a,2549.21,20,19,109.4,mg
6039e27294dc75811c0d8a39069f52c0,2493.2,10,10,213.81,sp
257e61d3251fb5efb9daadddbc2cf7ca,2489.03,2,2,1144.0,pr
213b25e6f54661939f11710a6fddb871,2480.69,25,19,83.82600000000001,sp
44073f8b7e41514de3b7815dd0237f4f,2471.52,18,18,117.49000000000001,df
fa40cc5b934574b62717c68f3d678b6d,2461.51,40,38,49.451499999999996,sp
530ec6109d11eaaf87999465c6afee01,2442.15,17,16,121.28117647058825,pr
85d9eb9ddc5d00ca9336a2219c97bb13,2412.61,52,51,30.424230769230768,mg
d1c281d3ae149232351cd8c8cc885f0d,2408.41,17,16,122.75470588235294,sp
9596c870880d900012f2e8e6e30d06d7,2395.9300000000003,3,3,653.2666666666667,mg
a3e9a2c700480d9bb01fba070ba80a0e,2367.54,23,19,84.60434782608696,sp
a7f13822ceb966b076af67121f87b063,2354.38,13,11,146.65307692307692,sp
30829ded4523ab9224b93bc49a62c95f,2350.25,6,4,365.6466666666667,rs
70a12e78e608ac31179aea7f8422044b,2318.59,24,24,79.35208333333334,sp
fbc14c0cf93505ef89f64665ffa4a7b5,2288.69,2,2,1101.9899999999998,sp
c66dccfb3f109511246da627dd5a2498,2287.77,8,8,267.5875,sp
c72de06d72748d1a0dfb2125be43ba63,2286.5099999999998,3,3,709.6666666666666,ba
128639473a139ac0f3e5f5ade55873a5,2279.84,63,59,20.807936507936507,pr
8ae520247981aa06bc94abddf5f46d34,2271.34,8,8,265.995,sc
8fb791022c1fc8909664f48ab7dc636d,2267.18,1,1,2199.99,sp
5058e8c1e82653974541e83690655b4a,2265.37,13,9,124.60307692307691,sp
165fc07beebdcb6190fba8a06db2a449,2262.71,10,8,210.85,pr
32b8764b4ef628b53608fc34011fcc13,2262.49,6,4,302.6666666666667,sc
7ad32824caee82087b3e2e5f33b1bf32,2238.07,19,16,99.21052631578948,sp
d6b664fa0667064c6d76394e7848d790,2233.63,2,2,1055.0,sp
9de4643a8dbde634fe55621059d92273,2230.65,10,9,203.775,sc
701938c450705b8ae65fc923b70f35c7,2211.25,16,10,106.5375,sp
82e0a475a88cc9595229d8029273f045,2202.5,16,8,115.989375,sp
05f51e13da97139648b8125c31e5f51b,2197.16,8,7,243.78625,mg
431af27f296bc6519d890aa5a05fdb11,2193.27,18,18,104.95555555555556,sp
1d8dbc4f32378d715c717c1c1fc57bae,2174.6,17,13,111.65882352941176,pr
31344c16881c08a8a72c6d2eb29918c1,2155.37,9,9,199.9,mg
00ee68308b45bc5e2660cd833c3f81cc,2155.2,13,12,145.30769230769232,sp
40db9e9aa57f7bb151bcda6b0f9bdbb7,2151.29,1,1,2090.0,pe
e5a38146df062edaf55c38afa99e42dc,2119.89,18,17,103.41666666666667,sp
455c5640e8c5bd1b2ee85c0158f85727,2115.05,1,1,1990.0,sc
d05ae8f7a5bd1d2a690a44cd079e4e27,2089.2799999999997,11,11,175.36363636363637,rj
669ae81880e08f269a64487cfb287169,2086.64,26,18,62.566923076923075,sc
610f72e407cdd7caaa2f8167b0163fd8,2078.99,4,3,488.055,sp
f45122a9ab94eb4f3f8953578bc0c560,2070.46,17,16,106.38764705882352,sp
d2374cbcbb3ca4ab1086534108cc3ab7,2063.24,47,41,28.902127659574465,sp
54a1852d1b8f10312c55e906355666ee,2059.6,22,22,77.3990909090909,sp
1e8b33f18b4f7598d87f5cbee2282cc2,2024.78,16,14,113.03625000000001,sp
8d956fec2e4337affcb520f56fd8cbfd,2022.55,29,26,54.867586206896554,sp
00fc707aaaad2d31347cf883cd2dfe10,2001.47,17,11,102.34705882352942,pr
4b9750c8ad28220fe6702d4ecb7c898f,2000.4,23,23,71.42173913043479,sp
4c2b230173bb36f9b240f2b8ac11786e,1999.33,34,30,46.46441176470588,sp
e06f09ec0a4aca210779cf1cfc63cf19,1989.86,7,7,262.7285714285714,sp
34d1ca11b242c0fee2c834ae8d788566,1987.1100000000001,6,6,309.68833333333333,mg
05ff92fedb5be47920fea08e501238b9,1972.4499999999998,5,4,374.192,rs
b8bc237ba3788b23da09c0f1f3a3288c,1961.89,6,4,279.665,sc
79ebd9a61bac3eaf882805ed4ecfa12a,1959.0700000000002,19,16,80.43105263157895,pr
612170e34b97004b3ba37eae81836b4c,1942.63,10,10,175.399,rs
2138ccb85b11a4ec1e37afbd1c8eda1f,1936.06,46,45,27.171086956521737,sp
8a432f4e5b471f8da497d7dc517666e2,1934.6799999999998,18,15,85.72222222222223,sp
ff69aa92bb6b1bf9b8b7a51c2ed9cf8b,1902.55,1,1,1648.0,sp
72c5da29406b4234927b81855e7b64f6,1901.38,5,5,359.99,sp
bbf9ad41dca6603e614efcdad7aab8c4,1900.04,3,3,599.0,ce
2528513dd95219a6013d4d05176e391a,1850.03,6,6,269.0,sp
01fdefa7697d26ad920e9e0346d4bd1b,1838.47,14,14,110.51714285714286,pr
e8b3a3a38279a82f0e5d006d5e5b7d2c,1837.25,10,10,162.4,pr
41b39e28db005d9731d9d485a83b4c38,1819.91,23,19,63.947391304347825,sp
1f9ab4708f3056ede07124aad39a2554,1816.56,9,9,171.57666666666668,sp
b32be1695eb7ec5f10f72d9610a12527,1787.96,3,3,558.6666666666666,rs
5a8e7d5003a1f221f9e1d6e411de7c23,1775.72,25,19,57.1,sp
48436dade18ac8b2bce089ec2a041202,1775.01,16,15,90.68125,sp
abe42c5d03695b4257b5c6cbf4e6784e,1774.63,5,5,337.0,rj
7202e2ba20579a9bd1acb29e61fe71f6,1774.54,7,7,227.75714285714284,sp
0adac9fbd9a2b63cccaac4f8756c1ca8,1770.1,14,9,111.13214285714285,sp
6b1c4d4d9ccf0be3d8544eb0e71e5318,1759.04,1,1,1699.0,rs
ca3bd7cd9f149df75950150d010fe4a2,1758.24,16,6,73.353125,sp
6973a06f484aacf400ece213dbf3d946,1748.83,17,14,93.03647058823529,sp
4aba391bc3b88717ce08eb11e44937b2,1748.1999999999998,4,4,410.5,ba
0dd184061fb0eaa7ca37932c68ab91c5,1733.46,14,13,99.785,sp
7040e82f899a04d1b434b795a43b4617,1733.17,31,27,41.15806451612904,sp
b499c00f28f4b7069ff6550af8c1348a,1710.42,24,16,59.781666666666666,sp
4830e40640734fc1c52cd21127c341d4,1707.06,31,29,40.53677419354839,sp
822bad9bc42b51213ba522fe87b7ab5d,1696.04,3,3,509.0,sc
ce248b21cb2adc36282ede306b7660e5,1687.26,6,6,243.91166666666663,sc
397c4d0c005b6f41f90098ac724e28cb,1675.71,1,1,1590.0,sp
86ccac0b835037332a596a33b6949ee1,1672.25,23,18,54.64173913043478,sc
d1b65fc7debc3361ea86b5f14c68d2e2,1671.31,6,5,246.61166666666668,sp
cf8ab1616079e2793aa29d524df01bb1,1668.74,1,1,1599.0,sp
562fc2f2c2863ab7e79a9e4388a58a14,1664.19,35,33,30.475714285714282,sp
624f4ece8da4aafb77699233d480f8ef,1663.28,8,7,170.25,sp
f457c46070d02cadd8a68551231220dd,1663.21,18,14,78.09444444444445,pr
ef506c96320abeedfb894c34db06f478,1653.6000000000001,36,34,28.31472222222222,sp
59fb871bf6f4522a87ba567b42dafecf,1653.46,10,10,151.98499999999999,sp
512d298ac2a96d1931b6bd30aa21f61d,1646.73,2,2,799.9,rj
609e1a9a6c2539919b8205cf7c4e6ff0,1625.86,24,11,44.57416666666666,sc
c33847515fa6305ce6feb1e818569f13,1618.62,10,8,132.0,sc
6edacfd9f9074789dad6d62ba7950b9c,1614.28,20,17,65.35,sp
7ea5bfa6c340f58f8e71fc1f0412b0d6,1609.14,12,12,120.24083333333333,mg
aaed1309374718fdd995ee4c58c9dfcd,1609.0,13,13,101.88461538461539,sc
cd68562d3f44870c08922d380acae552,1599.57,12,11,116.2,sp
5cf13accae3222c70a9cac40818ae839,1595.54,14,13,93.0,mg
3db66a856d18a9cba7c9241fc5221c50,1593.5,15,15,87.23333333333333,mg
01cf7e3d21494c41fb86034f2e714fa1,1591.07,7,7,176.4385714285714,pr
c26a2be5b53b7db6b276280da212a779,1581.4099999999999,3,3,499.0,rj
aba1721a889e04decc910aa13b768ef4,1572.52,8,8,180.75,sp
4e7c18b98d84e05cbae3ff0ff03846c2,1556.55,11,11,111.94545454545455,sp
ac3508719a1d8f5b7614b798f70af136,1554.24,11,11,117.15454545454546,rs
e8b4225284fbb02d16f200513f1f395d,1551.32,7,7,174.9385714285714,sp
0873d9f8f36123f8d910f4760e788cfb,1549.41,1,1,1520.88,sp
7dc8c42cc750eeafea6c85712ffee9bf,1549.3899999999999,9,5,154.10888888888888,sp
ff4ea69c2a729e83e63c7579e4ef8170,1532.1799999999998,2,2,749.0,sp
5670f4db5b62c43d542e1b2d56b0cf7c,1519.77,4,4,349.95000000000005,sp
17306570e772e7718c92a562d33f5f1d,1511.28,5,5,278.9,sp
2a7dc43cecabf23403078e2188437d1d,1500.58,7,7,194.24142857142857,sp
2e90cb1677d35cfe24eef47d441b7c87,1487.92,13,12,97.66615384615385,sp
813348c996469b40f2e028d5429d3495,1484.6000000000001,21,18,53.17619047619048,sp
aac29b1b99776be73c3049939652091d,1474.4,26,13,37.615,mg
048c2757535328e0d7dac690ad3c0aae,1471.42,7,7,182.07142857142858,sp
96493fab2fbb13a14d0c0e8772eef5c3,1459.0,6,6,228.33333333333334,sp
8e6d7754bc7e0f22c96d255ebda59eba,1449.57,12,10,108.67,sp
b94cc9f10ddc85e4ba73a6f7974e7101,1449.4299999999998,2,2,699.9,rj
2199e7fe213c16213bf5d6a7eadc9a5d,1448.05,6,4,219.70000000000002,sp
a6bd7d1ccdac48c6b33b28596b7eb122,1442.07,2,2,664.255,pb
8bb48dc19fccaa8613b6229bf7f452a2,1440.61,20,15,53.409000000000006,sp
8ed8ea9a57c862f2c18c2fe41f601d56,1438.83,6,6,202.48333333333335,sc
f6122bc84774df1b372bdb3bb88ddb9f,1427.04,1,1,1399.99,sp
2e1c9f22be269ef4643f826c9e650a52,1425.83,20,19,59.089999999999996,sp
23613d49c3ac2bd302259e55c06c050c,1420.14,16,14,56.3375,sp
4371b634e0efc0e22b09b52907d9d469,1417.72,18,13,66.77777777777777,sp
cbd996ad3c1b7dc71fd0e5f5df9087e2,1406.78,24,20,43.01624999999999,sp
180c3376aff0e43dd5788709df48a843,1404.41,1,1,1380.0,sp
5b8154610ebb21fb90eb587365e673df,1402.88,5,5,253.99,sp
95e03ca3d4146e4011985981aeb959b9,1399.68,19,18,57.04052631578947,rj
6d66611d7c44cc30ce351abc49a68421,1398.93,17,16,65.60588235294118,sp
c500367424994318b9e779ff1ae9a330,1396.33,3,3,436.26666666666665,sp
3bfba5a77604f6dfae7e6dd7aaf65821,1391.39,1,1,1319.9,pr
282f23a9769b2690c5dda22e316f9941,1386.46,14,11,82.50571428571428,mg
fdb9095204a334cd8872252ffec6f2db,1383.03,9,8,138.88888888888889,sp
9d5a9018aee56acb367ba9c3f05d1d6a,1374.3500000000001,10,7,115.38700000000001,go
0df3984f9dfb3d49ac6366acbd3bbb85,1370.78,9,9,131.44444444444446,mg
c31eff8334d6b3047ed34bebd4d62c36,1367.0900000000001,11,10,102.79272727272728,sp
0be8ff43f22e456b4e0371b2245e4d01,1363.99,18,15,62.67777777777778,sp
11305281b50fff20ae8bb473f8e11876,1362.6799999999998,5,4,233.99,mg
289cdb325fb7e7f891c38608bf9e0962,1358.44,10,8,118.94000000000001,sp
440dd6ab244315c632130ecfb63827b1,1341.54,8,8,139.45,sp
9e6229250fedbe05838fef417b74e7fb,1338.25,7,7,169.9,sp
45d33f715e24d15a6ccf5c17b3a23e3c,1329.21,13,11,83.72615384615385,sp
fcb5ace8bcc92f75707dc0f01a27d269,1324.84,10,9,119.31300000000002,sp
c3acdfac4e3e97ff87529454fbc03642,1322.97,1,1,1299.0,sp
c864036feaab8c1659f65ea4faebe1da,1322.05,6,6,186.5666666666667,pr
0db783cfcd3b73998abc6e10e59a102f,1316.22,16,15,68.08125,sp
52ac6f920b7280e4c6d30dd94de6259b,1310.95,1,1,1189.9,pr
ff063b022a9a0aab91bad2c9088760b7,1307.37,10,9,110.2,sp
f262cbc1c910c83959f849465454ddd3,1304.74,15,14,74.19,sp
2a84855fd20af891be03bc5924d2b453,1287.81,15,15,67.58,mg
54965bbe3e4f07ae045b90b0b8541f52,1285.19,7,7,155.65714285714287,pr
259f7b5e6e482c230e5bfaa670b6bb8f,1284.22,17,14,57.146470588235296,sp
ce7d1888639e6fb06b2749cbfdac1ff7,1282.55,7,6,138.28571428571428,mg
d650b663c3b5f6fb392b6326366efa9a,1280.51,5,5,242.6,sp
b1fecf4da1fa2689bccffa0121953643,1277.63,6,6,192.76500000000001,ms
2b1a40c1daabc6ca280c4b815c101841,1277.04,4,3,288.0,mg
6cd68b3ed6d59aaa9fece558ad360c0a,1275.7,14,14,74.49285714285715,mg
99eaacc9e6046db1c82b163c5f84869f,1275.37,7,7,168.54285714285714,sp
52f976b17ea7f2f087f56dcc419328f6,1271.98,1,1,1141.0,pr
381c83fdca332ea6afd896da20bf6e4a,1270.47,3,3,401.3333333333333,pr
7722b1df1b0e383e000397b2c11e3e19,1268.68,19,17,53.48842105263158,sp
f3b80352b986ab4d1057a4b724be19d0,1265.96,13,13,78.53076923076922,df
b2ac621f0d0322434d04a12b078b9369,1265.93,5,5,227.58,pr
5b179e9e8cc7ab6fd113a46ca584da81,1264.3,8,8,139.275,sp
b372ee768ed69e46ca8cdbd267aa7a38,1264.26,6,6,193.33333333333334,sp
1da3aeb70d7989d1e6d9b0e887f97c23,1259.03,36,28,23.476666666666667,sp
23d7c96d4a1160db1c726b248601b25a,1255.32,7,6,161.32857142857142,sp
66e0557ecc2b4dbea057e93f215f68d8,1250.64,3,3,399.0,sp
0c8380b62e38e8a1e6adbeba7eb9688c,1250.2,17,14,55.73529411764706,mg
80e6699fe29150b372a0c8a1ebf7dcc8,1247.56,9,9,112.16555555555556,pr
42bde9fef835393bb8a8849cb6b7f245,1242.42,7,6,159.0,df
516e7738bd8f735ac19a010ee5450d8d,1240.08,13,10,79.53846153846153,rj
e96498ed8daaa3e9c23f7a62da76591c,1239.5500000000002,3,3,376.6566666666667,sp
62c50c1af4dfdc4149d25c5222043d39,1238.7400000000002,8,4,136.99,sp
86bb7c4b535e49a541baf3266b1c95b1,1234.45,2,2,597.9,sp
33a6f4b1e7cdc205511e76ba1b6e0186,1233.69,11,10,95.35818181818182,sp
3078096983cf766a32a06257648502d1,1231.81,5,5,225.192,sp
76d64c4aca3a7baf218bf93ef7fa768d,1231.13,3,3,351.59999999999997,pr
9d4db00d65d7760644ac0c14edb5fd86,1230.16,10,10,111.745,sp
709e16e2b25c7474d980076c6bfc4806,1228.31,19,11,50.421052631578945,sp
1127b7f2594683f2510f1c2c834a486b,1227.31,11,11,96.9890909090909,sp
bd23da7354813347129d751591d1a6e2,1223.36,9,9,121.0111111111111,sp
a888faf2d1baececa6baf9c3d603ee1f,1220.2599999999998,4,4,288.4,pr
784ba75dd9d20200c4caed3d7a77141a,1218.65,3,3,367.59666666666664,sp
6c7d50c24b3ccd2fd83b44d8bb34e073,1216.03,13,12,66.21076923076923,sp
7b1222c3624aa89b9558b50a2594188c,1216.0,3,3,386.59666666666664,sp
0ea22c1cfbdc755f86b9b54b39c16043,1210.15,23,19,32.07391304347826,mg
40d54b51e962dbe09cabbcfd33298dee,1209.33,5,5,226.77799999999996,sp
04aa0a1c5ce6b222003403a3e11c3cc0,1205.0,4,1,259.0,sp
d71d863e5ef30d94e440c11be17dcd8f,1185.62,4,3,281.5,sp
52d76513f0c4d97f3b99570e2c94ee31,1180.6,7,4,149.96428571428572,rs
b92e3c8f9738272ff7c59e111e108d7c,1174.3500000000001,7,7,137.0557142857143,mg
b1a81260566c1bac3114a6d124413f27,1169.39,5,5,205.9,rs
f1b93673502375d491780bb49d615dbc,1167.72,3,2,346.05,sp
3340ef1913fb70d28420f6ceb685c339,1165.18,6,4,169.24833333333333,pr
8b28d096634035667e8263d57ba3368c,1162.67,18,18,44.24444444444444,sp
11bfa66332777660bd0640ee84d47006,1160.51,15,10,61.69266666666667,sp
382229d1e840115ffe3dbf5ff460e417,1150.74,5,5,205.954,rj
270297ead4c65a6cd2593960d2af6b21,1150.49,2,2,538.45,sp
6860153b69cc696d5dcfe1cdaaafcf62,1146.72,14,13,60.41857142857143,sp
080199a181c46c657dc5aa235411be3b,1146.55,6,6,179.49,sp
d624126b9206f595fb3fbb6ba03b28a8,1144.27,5,4,210.7,pr
1b4c3a6f53068f0b6944d2d005c9fc89,1141.04,8,8,111.55000000000001,sc
18a349e75d307f4b4cc646a691ed4216,1134.67,16,12,54.8275,sp
b4f8921fcc4ff77b66bea6dda43dcd51,1130.27,2,2,499.99,rs
5abb8ea023c77787f2c15da891c8d384,1128.6599999999999,3,3,292.3333333333333,sc
e26901d5ab434ce92fd9b5c256820a4e,1121.94,17,17,55.01764705882353,sp
a2e874074c877c5a05abae80ad6e488f,1121.54,7,7,139.09571428571428,sp
240b9776d844d37535668549a396af32,1117.99,1,1,1099.0,rj
c8b0e2b0a7095e5d8219575d5e7e1181,1106.04,6,6,164.15666666666667,sp
0307f7565ff85b299b6e5ef162b1b1a9,1101.83,1,1,1049.0,sp
afe0067131b73e40875c9b6c10bd2e21,1091.52,8,8,108.65,mg
ef0ace09169ac090589d85746e3e036f,1088.9,8,7,117.8125,rj
056b4ada5bbc2c50cc7842547dda6b51,1087.29,7,7,134.99,rj
2b3e4a2a3ea8e01938cabda2a3e5cc79,1085.52,6,6,170.32333333333335,sp
cb8bcce248bb1fb274ba762d8b971456,1083.81,7,7,141.32857142857145,mg
7e3f87d16fb353f408d467e74fbd8014,1079.23,14,14,60.34214285714285,sp
cb41bfbcbda0aea354a834ab222f9a59,1073.29,2,2,399.0,sp
33c51922b6e3c16b24a8f28e5833c99d,1071.08,2,2,517.0,pr
1da366cade6d8276e7d8beea7af5d4bf,1069.1000000000001,8,7,107.44875,mg
7bac63f6603d382cc8d0832eb6c100a8,1066.8600000000001,3,3,332.3333333333333,sp
2d2c62bef4c8ba0dd74e0e228e808539,1066.68,4,4,238.75,sp
febab0275244b9a49a623f0bd613ca2f,1063.53,14,13,57.65,sp
e5a3438891c0bfdb9394643f95273d8e,1062.71,22,21,34.20909090909091,sp
5b67882648febfb6e1225e6ad7164f6b,1059.1100000000001,7,5,135.96857142857144,pr
3df020b72d3d44b3af9d110fa3940b65,1056.6899999999998,15,7,49.9,sp
0c7533c71df861ec58ad7ff999ed0e8d,1053.58,20,10,42.285000000000004,sp
e5e33c0d8e7e002f398f5dc4cbbb338f,1050.63,5,5,186.01999999999998,sp
c9c7905cffc4ef9ff9f113554423e671,1049.84,10,10,88.775,sp
cab85505710c7cb9b720bceb52b01cee,1048.19,15,14,57.56666666666667,sp
cfb1a033743668a192316f3c6d1d2671,1048.16,16,12,48.9125,sp
9616352088dcf83a7c06637f4ebf1c80,1046.6399999999999,14,12,55.42142857142857,pr
7b0df942f46435babab05d49b744b2c4,1045.0,3,3,319.85999999999996,sp
989becdce12ebc39863c2bceab6f3ca1,1044.19,2,2,484.0,pr
6c177e38df6d3f34182b1f1d427231bf,1043.76,5,5,185.2,pr
94144541854e298c2d976cb893b81343,1039.63,6,6,156.56666666666663,rs
1ca7077d890b907f89be8c954a02686a,1034.0,12,11,72.99499999999999,sp
09f952a5f58d2285b0372551ae8f9b01,1027.04,4,4,225.55,sp
91f848e9f4be368f4318775aac733370,1011.5799999999999,10,9,82.914,sp
5656537e588803a555b8eb41f07a944b,1011.08,16,16,46.321875,df
db2956745b3a8e9f3785c99f34b5d25e,1010.55,5,5,179.0,sp
13fa2a6c6b9d0f43cb588d7c82117a12,1010.1099999999999,2,2,484.0,sp
b4ffb71f0cb1b1c3d63fad021ecf93e1,1009.14,22,15,31.65909090909091,sp
7008613ea464bad5cb9b83456e1e6a8f,1008.48,16,14,43.225,sc
f789d2c4f2c2eb38fc4373e7a4b35264,1004.6500000000001,10,8,82.97200000000001,mg
06df0c10d34e459d9672bc77388742eb,1002.23,3,2,315.6666666666667,pr
d50d79cb34e38265a8649c383dcffd48,1000.3,5,5,179.19,sp
503c1de08ae81a2d86f17951b204db55,997.8,4,4,228.0,sp
a673821011d0cec28146ea42f5ab767f,995.88,10,9,81.42699999999999,sp
c847e075301870dd144a116762eaff9a,989.62,6,6,143.23333333333332,mg
7b07b3c7487f0ea825fc6df75abd658b,988.03,7,7,127.45428571428572,sp
0e982cff76cc0579f632cea8a0e38c9d,985.86,5,4,178.704,sc
f4c4daa86e30c7e5a553a8d518ac03a5,984.3299999999999,4,4,230.0975,pr
099095b050cfe8eb1ddff5317587e96e,982.59,2,2,451.49,sp
b1fc4f64df5a0e8b6913ab38803c57a9,981.61,12,12,68.1775,rj
8a9260f2b0340411d6d2a56bcf4f7378,978.1,3,3,306.6666666666667,mg
d17f467e4bf608a510c20d82f4ba3b6b,975.56,2,2,462.79,rs
9b013e03b2ab786505a1d3b5c0756754,974.98,24,14,31.009583333333335,sp
f97e2b0650c2068227e1d366140eb62f,967.6400000000001,3,2,237.33333333333334,sp
17ca9b9e9b9ef8fdb529001b49ebb50f,965.27,10,10,74.57000000000001,mg
058fd0aa2bfdb2274e05e1ae971dabb6,961.56,7,7,125.28571428571429,sp
3ab971ce71839580d2ae5b4e40fe8044,955.06,5,5,154.92000000000002,sp
6fd52c528dcb38be2eea044946b811f8,953.3,11,8,74.26636363636364,sp
d6b1ce66b035a475f00c017792ff9769,953.03,7,6,115.22571428571429,sp
5f2684dab12e59f83bef73ae57724e45,950.65,7,6,121.32857142857144,sp
6fc26fe110feebd80a433e1f012a84f9,944.3100000000001,13,7,59.45692307692308,sp
0bae85eb84b9fb3bd773911e89288d54,940.56,14,13,49.855000000000004,sp
6b243f80ed07b10f0e8aa0f21a205f3c,936.7800000000001,10,10,75.9,pr
c6bda72e4dbf5c5866b13cb1810c6d03,936.72,7,7,116.48428571428573,sp
3b15288545f8928d3e65a8f949a28291,932.93,7,5,109.41857142857143,sp
ed4311e67debd72b8610a5347a743087,932.69,5,5,154.6,sp
120476eb7a04c149d14772edaf5d9bf2,927.6299999999999,3,1,293.0,rj
13d058e4eeac2ce8217660b2f8a05812,925.47,4,4,192.49,sp
63b464dbf392c7b80d12d932fa7cafed,924.75,5,5,165.0,sp
134b867a0f7f8bbe6abf10f91874891e,922.84,1,1,789.89,sp
1c129092bf23f28a5930387c980c0dfc,922.22,17,16,39.78823529411765,sp
79ed755314cfe6df0daef2c6cd3022cd,921.53,6,6,138.23333333333335,sp
6b3bd31ad8fcda4b2635ec9f3ff2ecdf,921.26,7,5,113.74285714285715,rj
92eb0f42c21942b6552362b9b114707d,920.16,32,28,14.656875,sp
080102cd0a76b09e0dcf55fcacc60e05,918.3,15,14,42.904,mg
8c16d1f32a54d92897cc437244442e1b,917.94,12,11,56.56,sc
8378eb36b6b70c5734e83ad7b8cdc3b7,917.12,4,2,203.5,sc
4bfc7a4a1cf8d4d2121c27422d9e50b5,916.9000000000001,5,4,165.74,sp
1c5e4e49b9079480255b49d50aac1aa9,913.16,1,1,834.56,sp
8648b1e89e9b349e32d3741b30ec737e,909.26,15,12,46.22,sp
8e8a7ce9f2f970dc00e2acf6f6e199f6,906.06,6,6,132.66666666666666,rj
ec80e49e69745ab6c14f984bf2149423,905.3499999999999,3,3,285.3333333333333,sp
aafe36600ce604f205b86b5084d3d767,899.65,11,10,63.18181818181818,sc
dfa0c4c6229ab200a4a1336b4d7128ff,899.53,9,9,79.23333333333333,sc
dd2bdf855a9172734fbc3744021ae9b9,897.52,7,7,109.89999999999999,mg
06579cb253ecd5a3a12a9e6eb6bf8f47,889.71,11,11,60.99090909090909,sp
0ac4201fda2c68ebc0e47cb9423cf3c9,882.3100000000001,2,2,419.495,sp
403aa86912527d730337ffcb0fb096ab,880.0300000000001,3,3,274.99,mg
1987cd4be10fe09ee50454f9c354d1c6,874.34,4,3,197.5,mg
bacb1f0ed56ad24198f5810d2b3fe9a5,874.03,5,5,156.5,sp
8090490573c6c0aa343a7231ebcb8c86,869.92,4,4,203.74,sp
2f09f7d37a97956d11cc1a7cadd5262b,869.23,2,2,345.0,sp
83e197e95a1bbabc8c75e883ed016c47,861.21,6,3,125.33333333333333,rj
916c9de0b5ad957346eeeb12f332687e,860.93,4,3,197.5,pr
5c030029b5916fed0986310385ec9009,860.66,1,1,649.0,sc
3a490ba60afa30ece0e7d50cfe74a4f0,856.23,4,4,189.9,mg
6a8b085f816a1f75f92dbac6eb545f8f,850.66,18,18,33.63333333333333,sp
adbc26658d6c7b4b6219f9d934598091,849.05,6,6,119.76666666666667,pr
054694fa03fe82cec4b7551487331d74,846.52,2,1,399.0,sp
c8417879a15366a17c30af34c798c332,841.5799999999999,9,4,83.32222222222222,sp
3c010235b7345c92f125d14ee232a76b,840.36,3,3,254.66666666666666,pr
9a84ba99f5367fdbd4598363496f1ea2,839.8100000000001,2,2,374.945,go
750303a20e9c56b2a6bc45cdce0b897d,839.44,6,6,113.76666666666667,go
974cf2cb8f4b7add98709c30df02fe10,838.69,8,8,89.99,sp
4c8545742faaf58fafd5fd14d25d75cf,838.32,1,1,780.0,sp
6e386f64c84e482f0b9abf960797ee1b,835.85,3,3,265.0,sp
f9eedec3129e8cc6b6429c42d0808c5b,833.15,2,2,394.9,rj
640e21a7d01df7614a3b4923e990d40c,829.23,10,9,64.933,sp
8a130737016f838139d31878787a39c9,827.69,10,10,70.24,sp
977f9f63dd360c2a32ece2f93ad6d306,827.09,4,4,175.0275,sp
b18dc380845b24038cfc48006478f099,826.4,5,3,144.892,sp
8bdd8e3fd58bafa48af76b2c5fd71974,824.9,3,3,262.99333333333334,sp
f84fa566034f5e8e880a07ec624c56af,821.19,14,13,45.67285714285714,sp
70c27847eca8195c983ed7e798c56743,820.29,7,6,98.97571428571428,rj
b410bdd36d5db7a65dcd42b7ead933b8,817.69,4,4,179.0,go
7901646fdd36a55f564ffaf2dbccaaf7,816.1600000000001,1,1,799.95,rj
87e24fc7052259b1f7f607d61c10d8be,812.76,1,1,799.9,sp
d98eec89afa3380e14463da2aabaea72,809.81,14,13,39.99142857142857,rs
bccf933e006e9b94a6184af782963e77,807.94,6,5,116.32333333333334,sp
9674754b5a0cb32b638cec001178f799,805.3299999999999,13,8,50.86,sp
08633c14ef2db992c11f840f04fad4cd,804.73,9,9,75.61111111111111,sp
2dcf93836ae3ce0d7c93e2f10876467a,804.4399999999999,5,3,145.9,sp
834f8533b2ecb6598dd004ff3de7203a,800.5899999999999,6,6,108.94,sp
37515688008a7a40ac93e3b2e4ab203f,792.98,20,20,25.244999999999997,sp
25e6ffe976bd75618accfe16cefcbd0d,792.39,10,9,66.889,sp
7a241947449cc45dbfda4f9d0798d9d0,791.31,8,7,80.7475,mg
232a6014e7b10cba61c6c2b2ea6bb4b0,785.31,4,4,143.425,sp
8e6cc767478edae941d9bd9eb778d77a,782.2,13,12,41.97,mg
058cb5aeb36d7c0fcae20fc85d5e0a59,781.36,3,3,148.5,rj
c12b92bf1c350f3e6bf88d3596219c86,779.32,2,2,369.0,sp
dfc5fb7259bb2b599ca565e6e9448f0f,778.34,4,4,176.24,sp
cb5df0dcb9e280b1780e9d589889f2c7,778.22,3,2,199.99,sp
5d0363b33554b373851fc1622e4d5f3c,777.55,9,9,62.800000000000004,sp
be9a160a9011f627c3e121d076c1ec7b,777.0,1,1,739.0,sc
a3f0b55de503387383c7b1de3ad7f678,773.9,3,3,203.23333333333335,pr
c60b801f2d52c7f7f91de00870882a75,773.69,3,3,240.33333333333334,sp
fe26f3ecb51a15e6d8335cd92da42562,773.25,1,1,699.99,sp
7d76b645482be4a332374e8223836592,770.25,23,21,20.37608695652174,sp
9dda5bbacd45e18d6485fee649205d09,768.24,6,4,101.10000000000001,mg
323ce52b5b81df2cd804b017b7f09aa7,766.52,7,7,97.75714285714287,sp
30a2f535bb48308f991d0b9ad4a8c4bb,764.11,12,10,51.98333333333333,sp
71039d19d4303bf9054d69e9a9236699,762.25,5,5,134.9,sp
b19f3ca2ea475913750f25a5c37c8d8f,761.03,2,2,321.395,mg
ba143b05f0110f0dc71ad71b4466ce92,760.46,9,9,67.42555555555555,sp
f80edd2c5aaa505cc4b0a3b219abf4b8,758.14,7,7,73.75714285714285,sp
0432ead42b6c8a0bdf68154add917fdf,756.11,8,8,82.4,sp
8a32e327fe2c1b3511609d81aaf9f042,754.51,16,10,32.6775,sp
dd7ddc04e1b6c2c614352b383efe2d36,746.6999999999999,12,10,42.23333333333333,sp
d93844a9c55ba7ce353388bcf849ea56,743.05,4,3,154.9,pr
244c2f1bff6afe1f2eaf9bfe9b2aed38,741.09,6,4,90.16666666666667,sp
d66c305afaec317ebee552073a674429,736.63,2,2,331.845,mg
4917cee8d902e13428c3ec4b1ca6f315,734.98,4,4,150.5,sc
dbd66278cbfe1aa1000f90a217ca4695,734.61,13,12,42.684615384615384,sp
4559697a8f7e637227c2eeaed843baff,734.19,6,6,103.23333333333335,sp
bafc5aa11e413978be29040f51342e70,733.1800000000001,3,3,229.96,mg
8cbac7e12637ed9cffa18c7875207478,731.9200000000001,14,8,29.821428571428573,sc
dd55f1bb788714a40e7954c3be6df745,729.67,3,3,226.5,sp
50c9975695009e5e6473912e83a6d1da,727.37,6,4,60.0,mg
e333046ce6517bd8bb510291d44f0130,725.87,5,5,128.6,sp
d51e0a403fe2e689ece6c73359d96e12,725.5699999999999,2,2,332.5,sp
602044f2c16190c2c6e45eb35c2e21cb,725.06,9,8,64.88222222222223,sp
e5475dcab1e07b63d7f6e902d8f5eda8,724.11,3,3,225.0,sp
5b925e1d006e9476d738aa200751b73b,721.25,6,6,101.66666666666667,sp
4b5f66b7adcf57f1ecc0d3c07dd6b177,719.9300000000001,3,3,223.49333333333334,pr
acadd4d36859671cb635527c6c977533,719.92,2,2,336.0,sp
655220df33262c7e0c4949a147366f94,719.4200000000001,4,2,139.0,sp
e89c4adbe7b1d0819dbb636e16461cf1,717.41,4,4,159.0,sp
edf96ef93ed595084bbcbd9224bd2894,717.14,5,3,128.4,sp
5b0cc932433fa5184b5b94bfe6bcc256,714.01,6,4,80.66666666666667,sp
3a4127e1ba7208ea37044c5092aae170,707.52,2,2,339.95,sp
430315b7bb4b6e4b3c978f9dfa9b0558,705.48,3,3,192.66666666666666,sp
827f8f69dfa529c561901c4f2e0f332f,705.26,15,11,31.973333333333333,pr
93dc87703c046b603023e75222018b45,703.7,4,4,159.0,mg
95f83f51203c626648c875dd41874c7f,702.9200000000001,7,7,56.34142857142858,mg
bbad7e518d7af88a0897397ffdca1979,701.22,7,3,75.03142857142858,sp
81f89e42267213cb94da7ddc301651da,700.67,8,8,72.375,sp
5d3bb11474a06bdc23fb9e89f1164ee0,698.6,4,4,156.3,sp
73a63f72308aa20a46f4b1632018f196,698.25,4,4,142.2125,pr
2c9e548be18521d1c43cde1c582c6de8,697.66,16,13,29.44875,sp
822166ed1e47908f7cfb49946d03c726,691.6,12,9,37.63833333333333,rj
ad420dd0c4f92f8af951ac24b86d0cf5,689.15,7,6,82.13714285714286,mg
066a6914e1ebf3ea95a216c73a986b91,687.01,4,4,153.3975,pr
2ff97219cb8622eaf3cd89b7d9c09824,684.97,9,9,60.800000000000004,sp
2a261b5b644fa05f4f2700eb93544f2c,683.3299999999999,6,5,83.33333333333333,sp
582d4f8675b945722eda7c0cb61ba4c7,682.41,7,7,79.95142857142856,sp
fec8cd45395b3cb0c2b173d7739706a1,681.71,2,2,320.0,sp
ea566164622c6b439516ab18062c42cd,681.4,7,7,85.38428571428572,sp
968268a686aa05d1f529fb07dff08130,681.12,1,1,634.4,sp
b6d44737c043328708f6749c2dbe50bd,680.99,6,6,89.14999999999999,sp
fad44952713764836814be105382aee5,680.78,4,4,155.0,rj
e62b2d6ac10570a035a30bafcf01d263,678.99,9,8,60.611111111111114,sp
81a1104df0f08b59c68aa5b03cfe398e,676.9300000000001,5,5,109.9,pr
6025c79c035c3d772133b8b8238463b2,675.74,3,1,200.24666666666667,pr
271c58a1d139c45eaf3316107c6d3a3b,674.9300000000001,4,4,142.1975,sp
eed78ac17f7f795a19a709745f00cd4e,672.95,10,2,52.1,sp
7d456afc660226829370f3173d14520c,672.5,5,3,120.8,sp
ea67327e24487bdfac5fbfa37ea124df,671.01,4,4,141.15,sp
b14db04aa7881970e83ffa9426897925,668.04,8,7,61.475,sp
7ecef8194babfec876ca720714327841,664.37,2,2,319.45,sp
54583ab379489add547fe47b628db589,659.54,3,3,206.66666666666666,sp
aced59e9b31ef866a94f9e7f29d8d418,657.44,8,8,69.225,sp
ad8ada0ffa993cb1197d102d9ab21a3e,656.16,2,1,299.9,mg
ececbfcff9804a2d6b40f589df8eef2b,655.63,8,8,61.42125,sp
df560393f3a51e74553ab94004ba5c87,655.07,4,4,140.9,pr
725c32fa80c2faacc4fc88450d27314e,653.79,7,6,75.23142857142857,sp
fde0cc9ea29c8ccfc0a2c22256a58c71,651.47,5,5,105.6,pr
7a2d2949aea47fab95fd98d6c9f618b1,651.36,3,2,198.0,pr
2c4c47cb51acd5ea5db5e0ae0e26542a,649.95,3,2,189.98666666666668,sp
e24fc9fcd865784fb25705606fe3dfe7,649.76,4,4,148.5,sp
e49c26c3edfa46d227d5121a6b6e4d37,649.18,3,3,144.97666666666666,pe
fe49ee029e61e789a1f3a5525f57ba8d,643.3499999999999,4,4,151.0,sp
58f1a6197ed863543e0136bdedb3fce2,637.5899999999999,4,4,141.5,mg
b561927807645834b59ef0d16ba55a24,628.51,9,9,58.21111111111111,sp
e7df4cd29ab5abab70fb0783ddb53987,627.8299999999999,4,4,144.675,sp
5bc55dbe2f12b6af6d83ed46023e0dc8,627.27,4,4,142.4,mg
1771297ac436903d1dd6b0e9279aa505,626.87,5,2,109.12,sp
2089a6d640999f9b9141ac719b2af596,625.55,3,3,193.49666666666667,sp
024b564ae893ce8e9bfa02c10a401ece,625.2,6,1,77.9,sp
ffeee66ac5d5a62fe688b9d26f83f534,625.0600000000001,4,4,124.99000000000001,sp
94e93ce877be27a515118dbfd2c2be41,623.8600000000001,3,3,183.62666666666667,sp
dbb9b48c841a0e39e21f98e1a6b2ec3e,621.44,9,8,52.41444444444445,sp
dc317f341ab0e22f39acbd9dbf9b4a1f,620.78,2,2,249.9,rs
d5b9a084373da994a6e37f732169a853,620.2,2,2,290.0,sp
d13e50eaa47b4cbe9eb81465865d8cfc,617.34,3,3,188.29333333333332,sp
4091f77d8c768fc3e81c20761471761d,613.82,3,3,169.0,sp
67bf6941ba2f1fa1d02c375766bc3e53,612.72,2,2,241.5,pr
05d2173d43ea568aa0540eba70d2ca76,612.69,6,6,82.38499999999999,mg
4b0fdb526525f9890eb145bf1534640e,611.67,5,4,104.3,sp
8c91bfea4263b8fba54081460693e2a1,609.24,1,1,590.0,rs
14d7985702e72162bbf13b6beb74ab2b,608.58,6,6,85.0,sp
723cd880edaacdb998898b67c8f9da30,606.21,2,2,255.995,sp
238fac594e170b59c6d228f5a4f4f1d9,605.07,4,4,104.0,sp
411f3b52d857390502ee4e4d5ceabc2d,604.02,8,6,62.4925,sp
0bb738e4d789e63e2267697c42d35a2d,603.17,6,6,80.58333333333333,sp
e5cbe890e679490127e9a390b46bbd20,598.15,1,1,579.0,sp
bf3c6d2a28b2b5501e6c15448982dcc9,597.41,5,5,103.54,sp
ce27a3cc3c8cc1ea79d11e561e9bebb6,595.71,12,11,37.48083333333333,sp
5343d0649eca2a983820bfe93fc4d17e,595.44,7,3,68.37428571428572,sp
688756f717c462a206ad854c5027a64a,593.86,9,7,52.983333333333334,sp
062ce95fa2ad4dfaedfc79260130565f,592.59,4,4,125.4,rs
d57e18d5f73c7ccb7f7339b61166898d,592.5699999999999,8,8,62.150000000000006,sp
3c4e0452bff7a2a788179488d3d77032,591.77,5,5,102.1,pr
2dee2ce60de9709b1a24083217181a1f,590.5600000000001,4,4,114.42500000000001,mt
54065e9aef7e9e9c2dc23b7594db021a,589.75,1,1,570.0,rj
ff1fb4c404b2efe68b03350a8dc24122,588.31,5,5,92.6,sp
9df5750209b83567ec144eb299d7d634,585.64,1,1,548.0,rs
cee48807215b30a12ca2ca10ffb5f250,584.5,3,3,177.5,sp
39d61be7a92eb77b7da367bd4845bc0e,583.52,9,5,48.99,sp
e067ad2c1c0b48758eb1b5228bcf7a68,583.36,6,6,72.50833333333334,sp
e3d3b3efac954a60d61be70b7e05b49b,580.9,1,1,525.0,sp
5bc24d989e71e93c33e50a7782431b0e,578.72,2,2,249.9,mg
daeb5653dd96c1b11860f72209795012,578.63,4,4,123.89999999999999,mg
820c7c9eaf76d2b226b6c242bcf3f34d,577.0,1,1,559.0,sp
acce39e832338debb07b02385cde5967,576.37,5,5,96.48,mg
ec8879960bd2221d5c32f8e12f7da711,573.6800000000001,5,5,96.1,sp
6d803cb79cc31c41c4c789a75933b3c7,572.99,4,4,124.975,sp
5b581417df4480f632484ba681e53944,572.78,3,2,145.96666666666667,sc
f12ff17ad8bbf01ec5c33b17e506649b,568.71,3,3,170.0,sp
835f0f7810c76831d6c7d24c7a646d4d,566.85,3,3,169.9,sp
bfd938b22bc99bce1ae60dc602889f52,565.6,7,3,66.18571428571428,rj
f680f85bee2d253556ac91be391d2c82,564.04,7,6,66.36714285714285,sp
e24d3429d294b2eb200b064ebb035879,562.04,5,3,96.0,sp
36a968b544695394e4e9d7572688598f,560.88,13,13,25.88923076923077,sp
4e17c65a516f69d023a2ae78b84f28d6,559.54,7,6,64.67142857142856,sp
6aa3928696eab49a19a466e665a649fd,556.37,2,2,262.0,rj
34056b8b55c1775a22af2331670a799c,554.04,5,5,93.76,sp
681fce914360217db47784ae28905a96,554.0,3,3,165.66666666666666,pr
6806dad1da97bfb5a9038eac6881f706,553.58,2,2,247.5,pr
a36b125ac6d5fdbc7f50de85c9157bdc,552.64,6,6,77.49,sp
9a1aea68d3efa00862ec88c0768037d0,552.5699999999999,3,2,159.9,sp
10ff823eda2b032e2c93d17a7d294736,551.48,3,3,165.93,sp
1352e06ae67b410cdae0b2a22361167b,551.12,2,2,259.0,rj
5ab05b6d86d417796c69ffd6774ec832,550.01,2,2,244.0,sp
528bcf6680c36dddf07620bd35b33a6f,548.45,1,1,529.99,sp
f7ccf836d21b2fb1de37564105216cc1,547.89,10,9,39.8,sp
ad97a199236354e53fcd91a5a913e9a2,546.65,1,1,522.5,sc
406740ee611378a662d274c7d8c43c4a,545.78,2,2,256.0,es
7df1fc11cc5cbc518b39faa60cf5d67c,545.18,2,2,240.39999999999998,ms
1dfe5347016252a7884b694d4f10f5c4,544.74,7,5,62.25714285714286,sp
fa3a0b5aabb344b9a92e3524b0202123,544.4300000000001,2,2,248.5,sp
dee656f0f566ed1aa85bd137c943f08f,543.55,5,5,87.75800000000001,sp
beadbee30901a7f61d031b6b686095ad,542.98,5,5,92.6,sp
537eb890efff034a88679788b647c564,542.45,13,12,27.515384615384615,rj
972d0f9cf61b499a4812cf0bfa3ad3c4,538.91,5,5,74.69,sc
bb5bd94c8f59cc050072d2930c869cac,537.96,4,3,117.45,sp
e38db885400cd35c71dfd162f2c1dbcf,537.9200000000001,6,6,64.9,df
cac876b37d3abcd6bd76caca30277996,537.91,8,3,47.175,pr
6bb0724edf0b62fb91ac404873a97241,537.47,2,2,218.5,sp
90d4125885ab6c86e8820a722be71974,537.1800000000001,2,1,259.91,sp
b17b679f4f5ce2e03ce6968c62648246,534.19,7,7,60.701428571428565,sp
f84a00e60c73a49e7e851c9bdca3a5bb,533.84,8,7,54.1,rj
4305fe92735c8a43d154ff6dd2b8d927,530.03,3,3,159.6,mg
5ee7fd217d08dfe5d3e2f51f96a12c9a,529.8,3,3,139.9,sp
6b333a05bf188ef3e1f1662a86bd9855,529.55,1,1,429.99,df
5b85809efd0d0e4dea1a9544e1280ed9,528.68,3,3,158.9,sp
e7d5b006eb624f13074497221eb37807,528.62,5,5,90.336,sp
e81e1f9c3e762e620f3fb60a51499e16,528.11,2,2,212.5,sc
a420f60ff1aa9acc80d0e42959f2b313,525.97,5,5,83.7,sp
4bf2f4ee540798a61f9636d12cd9cc80,525.51,3,3,153.0,sp
6a0cbc8af2e8abd1bdfb777943d174c6,524.6500000000001,4,4,107.8125,sp
49cdc90518a4f82676b38b3c1aa43ff6,524.48,1,1,499.9,sp
b4a476fbd28de64b1e347abf9089366a,524.27,5,5,87.898,sp
6562efe88ce0826a4ca4f189f03b4b84,523.86,7,2,59.9,pr
4e8dacf3d38f281ae26c3e0321d92d88,520.77,1,1,499.99,sp
3fd1e727ba94cfe122d165e176ce7967,519.9,6,6,72.06666666666668,sp
cd843d4cf8ef32827de0396605163ba3,519.72,1,1,379.0,mg
f1c1ac3f3efc07e659c035008e615e66,519.4,1,1,499.0,sp
575df70bde3f9f2b30bf8d2e9910d725,518.5600000000001,2,2,245.45,sp
d673a59aac7a70d8b01e6902bf090a11,517.81,10,10,34.723,sp
4c498c7345e89aebad651544829beca0,517.55,4,4,112.845,sp
33576ec5412fb5905d876f12f33bfde6,516.16,5,5,85.0,pr
9add47bf45ce8e8c7db6b9cf670b1e09,514.9100000000001,4,4,99.7,pr
45213867cefbf2cd4c6177e10216a951,513.51,1,1,490.0,sp
e2aee0892199b1d92530e371abd825bf,512.02,4,4,77.4225,pr
ebd2d60905fb58271facef5596b620d3,511.97,6,6,63.43166666666667,sp
3d8fa2f5b647373c8620330c4e077a9f,507.8,4,4,102.495,sp
c3ee2331a724e6fc02c4b698b57a73f3,503.68,1,1,449.0,sp
6f892e20a171e98efe17fdb971ff319b,503.17,3,2,150.23333333333335,sp
f021c962aaba8ef6eb527a9c2c8394d1,501.5,1,1,479.9,sc
65febd49fd28ec955651299159b1f527,501.47,4,4,97.495,sp
26d8a1c7c75d513045798992ead43aa2,500.98,3,2,151.93,pr
d25aa0aaacb370e912f8cf6efeba38b3,500.49,3,2,113.89,sc
98dac6635aee4995d501a3972e047414,496.71000000000004,17,6,19.429411764705883,sp
96804ea39d96eb908e7c3afdb671bb9e,495.34999999999997,5,5,82.13,mg
69b5eaa096c3f9d1e5c398c597f567d6,494.1,1,1,469.0,sp
4c03b9dd4c11ee2cb35c96c49efc9420,493.51,3,3,149.29999999999998,sp
efcd8d2104f1a05d028af7bad20d974b,493.15999999999997,8,8,47.495000000000005,sp
ecccfa2bb93b34a3bf033cc5d1dcdc69,492.64,7,4,58.95142857142857,pr
6f229cc508fc6915ed5c499efd93baa4,492.6,3,2,143.23333333333335,rj
0ebd97a106433a45a4aebe57c1799778,492.31,4,4,99.9,mg
fdaaf5bfda82b7b80535610c831b8d09,491.93,1,1,439.9,sp
3a1a1fec38dd360f15fc912e821e169d,490.02,1,1,391.87,sp
594f9aaa48e5bf431f011ddc5669b0d5,489.83000000000004,6,6,66.4,mg
cc63f0dd2acba93ffed4fe9f8e0321fa,489.49,3,2,134.0,sp
04aba03279157f6d4e0fe8ccaf21963c,488.44,3,3,148.0,rj
db4350fd57ae30082dec7acbaacc17f9,488.43,13,13,21.43076923076923,sp
bba74270a87732727b5a3b4fd9ac1c39,487.25,2,2,224.99,mg
167fd940acebc789debd6eb418c46e38,484.72999999999996,2,2,224.89999999999998,sp
cb3dd9ce66268c7a3ca7241ac70ab58c,480.4,5,5,77.898,sp
97512d3fc193b2d1dfcdba0f9d1f0f8a,480.25,2,2,189.99,sp
3bdff180c7e1f6551a643b99c265a120,478.64,6,6,57.23333333333334,sp
b2a6d334e2833acea353624840e25a0e,477.16999999999996,5,5,78.66,sp
75a4764c108403a7a0575140cb22287c,477.03,5,2,69.89,rs
cac4c8e7b1ca6252d8f20b2fc1a2e4af,476.06,8,7,43.114999999999995,sp
960945e1a9535cbc0cd6ddd35fbe7ae8,474.41,4,4,104.1875,sp
a2b5b6105ea5942300631d2e76f4ffe0,471.07,2,2,184.39999999999998,sp
42b729f859728f5079499127a9c2ef37,470.56,12,10,27.40833333333333,sp
42fa4ee7240e9b8eb4576358ec142ba7,470.0,3,3,136.26666666666668,rs
262237171f48e85819065498cac80d7b,468.74,6,2,59.9,sc
ef990a83bbea832f36ebe81376335aa8,466.69,4,4,94.9,sc
23a0ffca143a15b9b5bbdb7d552f626a,464.67,2,2,214.99,sp
1690cada046eb7e92c12f98b1f8a8167,463.33000000000004,2,2,204.0,sp
3492e68f37fd1df87f4f2f2ea247f445,460.8,2,2,201.965,sp
253f95b3a0e6983ae18aed49fbc2b845,460.41,2,2,215.39999999999998,sp
9646c3513289980f17226a2fc4720dbd,459.29999999999995,8,8,39.5875,sp
1976a05ecf2996d6ffb7b5430e635fe7,459.09,2,2,204.8,sp
a247197e2e9c19a6a53a6888cb8b660f,458.46,1,1,399.0,sp
5d76d80a2f5f39c891b996a1bf4c9853,457.32,2,2,192.9,sp
f27e33c6d29b5138fa9967bcd445b6d5,457.2,7,7,51.9,sp
6481e96574816ead57975da2c0f6d80d,454.63,7,5,55.08571428571429,sp
276677b5d08786d5dce7c2149dcce48b,452.91,3,3,133.76666666666665,mg
0176f73cc1195f367f7b32db1e5b3aa8,450.44,4,4,90.9,sp
432c67955c0acd1fd6b0b5d678766a71,449.65,1,1,389.0,sp
b335c59ab742f751a85db9c411a86739,447.32000000000005,5,5,70.66000000000001,mg
5f06030071324cc52bf0304014ac7234,445.38,2,2,195.99,sp
e9d99831abad74458942f21e16f33f92,445.14,8,8,42.7825,sp
8b8cfc8305aa441e4239358c9f6f2485,444.23,1,1,385.0,pr
c679fb69a36e1d8349e8c50a217b4d58,443.77,1,1,399.99,rs
7f152321c60a266edc53af1925ef96c1,443.32000000000005,2,2,204.99,sc
376a891762bbdecbc02b4b6adec3fdda,440.01,4,4,92.24249999999999,go
de0c78824586e9a5f5f04fd84e25df39,439.96999999999997,4,3,103.0,sp
0691148aee60ca47977c187804f935ae,439.95,5,5,66.074,pr
0ef83d7d83ed97cd2a0049ac8be5f88a,439.39,5,4,67.158,pr
6b90f847357d8981edd79a1eb1bf0acb,439.31,5,5,59.238,sp
751bdc4d83a466c7206cd42e8f426b03,437.93,7,6,49.964285714285715,sp
c273175f7c6c80fb02f051e2fc6d0d72,436.29,4,4,86.17,sp
31da954dc0855f2495c6310f70a2f931,435.63,3,3,132.33333333333334,sp
3586b8580d9c917874e053a1bb37b5ff,433.94,9,7,32.34444444444444,sp
670c26e0f1bf8d0576271d5cfaec6d2b,430.26,6,6,56.61666666666667,pr
c9aafcd0621b2207c10e32c649cada4d,429.28,4,4,89.2475,sp
88cf19ec1fc2c58f161aee259d57142c,428.76,3,3,125.99666666666667,sp
55f7a3319d80f7fdf078b8f03e6725fe,426.44000000000005,3,3,128.49,sp
1354d51653f645349064725ed204e85e,425.7,5,4,74.0,sp
1b938a7ec6ac5061a66a3766e0e75f90,425.08,4,3,66.9,sp
c9a06ece156bb057372c68718ec8909b,425.07,1,1,380.0,df
9906e7aa42a3c067b7c9a564d01c4320,424.75,2,2,170.3,pr
0885aaf116795758dfeb5f1032487bcd,424.56,4,4,83.4,sp
f67efa3f0b6761102a7f8c6b7b571f5d,423.5,3,2,103.99,pr
eb9cd5b35d95206585e2185318cb5c61,422.56,2,1,190.0,sp
6eb94e1466490d327a09abf8f3552a50,421.29999999999995,2,2,184.495,sp
fc906263ca5083d09dce42fe02247800,420.94,8,7,37.2875,mg
1a932caad4f9d804097d7f8e615baed1,420.58,2,1,175.0,sp
04e38a233f726ef161074ab1c9b0399a,420.4,6,5,53.06666666666667,sp
cc3d14116804f7209f3884f6367f1152,420.01,2,2,193.0,pr
0d83f8e03188682112cc0d93523705cc,419.84,4,1,88.9,rs
83deb69e889cf80f82be1dc6d5f2d486,419.48,5,4,61.272000000000006,sc
821fb029fc6e495ca4f08a35d51e53a5,418.58,1,1,389.0,sp
6a51fc556dab5f766ced6fbc860bc613,416.67,2,2,177.9,sp
3c7c4a49ec3c6550809089c6a2ca9370,416.38,11,11,22.263636363636365,sp
3be634553519fb6536a03e1358e9fdc7,415.99,6,6,45.55833333333334,sp
c64a2aec32cc408a8a4c6d7c46017f91,415.78,1,1,386.75,rs
b39d7fe263ef469605dbb32608aee0af,415.74,3,3,118.26666666666667,sp
700f03c207639c22d933381ff60b35c2,415.68,1,1,379.98,sp
f0b47fbbc6dee9aafe415a6e33051b3f,414.96000000000004,7,6,41.67857142857143,sp
dbec9a0a7efeff029d4d9dce7dc4cc95,413.53,1,1,380.0,mg
5a425cc503b39b262a847fd6212bf53b,413.29,3,3,121.56666666666668,pr
3f995f07c49d0d55a99d5c54957f7d81,412.90999999999997,4,4,89.0,sp
a7ecf689b40a44361e259b28939023e4,410.91,1,1,389.0,es
7a9c12e235c36247c3c81f50d6ea9cea,410.56,1,1,378.98,sp
a6fe7de3d16f6149ffe280349a8535a0,409.19,6,6,54.9,sp
fd386aa7bed2af3c7035c65506c9b4a3,407.90000000000003,9,9,29.35777777777778,sp
8931a84a914b3fe9b1ddaa4d704947ca,404.85,5,3,69.9,sp
89c127985a8b130cfa45c1d36764017a,403.76,2,2,185.945,sp
d3674f271c91f824f82d24d92011f669,401.59000000000003,3,3,109.26666666666667,df
b76dba6c951ab00dc4edf0a1aa88037e,401.14,14,13,14.799285714285714,sp
7813ea3ebd9411dc600b4dd01f7a97b9,400.54999999999995,2,2,186.7,sp
1b8356dabde1d35e17cef975c3f82730,398.1,5,5,59.79,sp
5f1dc28029d2c244352a68107ec2b542,397.7,9,7,31.311111111111114,sp
0ad80de75c811326389cfb1daba7d45e,397.53,1,1,369.9,rj
4b39558c138930b9e5489c93b6df5fe3,397.13,1,1,360.8,se
3785b653b1b82de85ab47dd139938091,395.74,5,2,55.9,pr
101921376b577a4540dc30e9009133ca,394.49,1,1,373.0,sp
11742f81550ac064cc9a40f67151d9ad,394.31,1,1,369.9,sp
ad781527c93d00d89a11eecd9dcad7c1,394.27,2,2,169.99,sp
ce69a8021d18961dd2a40269b7c2c293,392.18,3,3,110.89999999999999,pr
f326006815956455b2859abd58fe7e39,391.44999999999993,5,1,65.49,sp
2a1348e9addc1af5aaa619b1a3679d6b,390.73,5,5,67.1,mg
b90e891671cffd9557f33a97dc523645,389.58,3,3,114.0,pr
20b54c376b794ed028df09a3cd88e8dc,389.33,3,3,113.76666666666667,sp
8ff1a9df749e454105c55cda13e79143,389.12,2,1,159.9,sp
1d4587203296c8f4ad134dc286fa6db0,386.96,7,7,37.41428571428571,sp
8bd0f31cf0a614c658f6763bd02dea69,386.02,3,3,106.66000000000001,sp
3f8034bfc6b8b4135534975d49f04c63,385.93,5,2,60.0,pr
b1ac6ea7895bc3dd6f0f6f4abbdd2821,385.75,4,4,79.0,rs
2d518637f53161b973e01f56ea4bb88e,384.39,3,3,101.66000000000001,sp
f4db9b37944bcb8873e6b456ee190bbf,383.90999999999997,2,2,169.99,sp
10089e9f2fd0c668a8fd4e52e1698888,382.39,1,1,359.9,sp
a49928bcdf77c55c6d6e05e09a9b4ca5,381.81,4,4,79.9,sp
0bf0150d5b9d60d9cd2906003332f085,381.69,3,1,106.0,sp
891071be6ba827b591264c90c2ae8a63,380.78000000000003,10,8,25.790999999999997,sp
5f5b43b2bffa8656e4bc6efeb13cc649,380.58000000000004,2,2,159.45,sp
d354c38a7182125a748cb10474fe963b,380.32,3,3,109.65666666666668,rj
094ced053e257ae8cae57205592d6712,380.14,4,4,73.8,sp
20d83f3ef0e6925fd74bfd59170babf7,379.57,6,4,49.9,sp
1fe5540d7c1c37a595fefbacd5570d9e,378.38,2,1,169.9,rj
3504c0cb71d7fa48d967e0e4c94d59d9,376.77000000000004,6,6,50.23333333333333,sp
0509040ea3fe50071181bbc359eb7738,376.61,6,6,49.01666666666667,mg
f00e21b1e91a79653163b7fd8f293ff1,376.55,3,3,110.23333333333335,sp
d5ba419e26d246a0719437cf37d9b46d,375.87,4,3,81.675,sp
17eea220a40cc0d2c0c5346379682398,375.25,1,1,358.99,sp
81336a0f57a33776419727a300249e90,375.03000000000003,4,3,76.275,sp
11938fcc75f6902fea1d0a6f72b54a57,374.73,1,1,249.99,sc
3c03b12bab54d8b37d79d914bfdb1aa0,373.8,3,3,111.76,rj
d12c926d74ceff0a90a21184466ce161,373.77,7,6,40.771428571428565,sp
41b86b552e54e3a7009596125aa8b167,373.55,2,1,149.4,sp
3ef37b7ca6dd2b80bd8af81a62504996,372.27,1,1,350.0,sp
679769a98cfcc6da877c8486ff1c13f3,371.89,1,1,349.0,mg
17908cf9b444ee34047cadd5c0f4a516,371.65,1,1,315.0,go
1838dd9b8977065acf51d95e0053ea7a,371.39,7,7,36.75714285714286,mg
0ffa40d54288e4f3499b8780dd0f144f,369.66,5,5,57.17999999999999,sp
3d2531eccfbde1d7c8db7a3a12fb267a,369.28,1,1,349.9,mg
128f9bfbe4c7d5185033914b1de3d39a,368.62,3,3,107.26666666666667,sp
3092c0b297aacfb4bb6e056ebe13b9b8,367.77,2,2,174.9,sp
8b87cd0d43d49b9bdf40f56229364d59,367.02,1,1,269.0,sp
f3da5b2ff499efb8d4a6d371d175d7dd,366.71999999999997,5,5,59.906000000000006,sp
ffa6adafb71b807dc13159e26431354c,365.21000000000004,2,2,159.0,pr
7957cac1a02f45d0a4a7e45626382ec2,364.64,1,1,343.0,pr
af3ef48d0e13835e529c29ac573c63e5,361.61,4,4,69.27,sp
6179a28a13a726c29b3bf54c070dccab,361.27,1,1,300.0,mg
3bb548e3cb7f70f28e3f11ee9dce0e59,359.94,3,3,101.56333333333333,pr
6a38087bc8ad4f89ff453561005f6dea,359.09999999999997,3,3,84.93,go
f61c63d13f7cd800549d5acdd390ae72,358.61,3,3,104.60000000000001,sp
8b9d6eec4a7eb7d0f9d579ce0b38324d,358.02,3,3,81.62666666666667,rj
1b1ae47a313a825a7ccceb8e2e30fa9d,356.89,1,1,339.9,pr
198c7ea11960a9844b544d9bcdca860c,353.85,5,5,49.190000000000005,mg
d65f31d2413268e671989503f6cf9993,353.51,2,1,149.45,sp
8ab42aa58097fd4668d60cc648225d5f,353.38,2,2,159.0,go
38e679b9e0064cd94c6f035707344dae,353.01,5,3,55.362,pr
5eeb9c756d9780b96283e5a2ac6da334,352.76,1,1,317.0,sp
ccf8813e5a7d6c84d865cd38bfc2b130,350.8,3,3,97.96666666666665,sp
c35affa65afd250151285c5917fc1c8a,350.07,1,1,329.99,sp
33ac3e28642ab8bda860a2f693000e78,350.03999999999996,3,3,104.90000000000002,sp
a369d693961cb93b61ca2cc518872a85,349.16,1,1,297.0,sp
be3b4b0f050a6aa1b2d901c4b77e979f,348.78000000000003,6,1,39.9,pr
cce6ab8d1682639fe45ab70234f1665f,348.65999999999997,6,6,38.300000000000004,sp
4ef4c39cf3c24f326434cf0b2e48046a,347.79999999999995,3,2,99.0,sp
b8578d2d823bd8e251f6fdd02b40902d,347.76,2,2,149.9,sc
66dc1b1632bd6a3e508510c5b3492107,347.6,4,4,71.15,sp
56642bcb79900e777d68e91915cb4267,344.97,7,2,36.57142857142857,sp
2a6fbeaa7ab9e5d59a35841a8da71ce4,344.83,3,3,88.33333333333333,sc
1dd33b8119b3cb1056ed5dc88cd0aaf4,344.8,2,2,159.5,sp
2addf05f476d0637864454e93ba673d5,344.61,1,1,319.0,df
1eade46fba20122dc4aefb379f8c636b,344.53,7,4,37.67857142857143,sp
1ce3ae5a399804d1a87e706f8a813c3e,344.43,5,4,45.3,sc
014d9a685fd57276679edd00e07089e5,342.34000000000003,4,4,65.99,pr
bd697db56ff8e7c9cd1abeb7f72029b2,341.20000000000005,2,2,159.99,sp
0b0ddbc7b9d9584f442c7ac92b0ff6c9,341.02,1,1,266.78,sp
bc2ac6b95e1accce9858528ee566c17e,339.92,3,3,102.0,sp
e58a5b390e28abc0b216cfb0e07d27d7,339.03,1,1,319.0,rj
9d7a1d34a5052409006425275ba1c2b4,336.99,1,1,319.0,sp
3481aa57cd91f9f9d3fa1fa12d9a3bf7,335.14,4,4,59.595,sp
53b0300ca793f9834cd69c0678d35ee8,334.79999999999995,3,1,99.0,sp
2d42ebcda99fd55f6f4bc2f1ca035d50,334.65,3,2,89.0,go
2d50d6282f8aa2257819a77bfaa0efe0,331.49,2,2,129.5,sp
77a515caa36327151d1cc6c32a9f00e1,329.73,3,3,94.96333333333332,sp
c5f7feb04a6a1fb3596322bfc3cf1917,329.38,1,1,310.0,sp
6989574bd97d9773f10d232b6c07da59,328.32,1,1,309.9,pr
eb4df17aed01d918c65f0f8d650900c0,328.08000000000004,1,1,318.98,sp
d566c37fa119d5e66c4e9052e83ee4ea,327.5,5,4,53.9,sp
cd06602b43d8800bd0afad514919d35c,327.02000000000004,4,4,64.975,sp
f181738b150df1f37cb0bd72e705b193,325.9,3,3,89.60000000000001,sp
ebd1417732defaf66c50b5a800eb293e,325.33,1,1,309.0,pr
a44fb5a447105f8469bdf16bf9159f25,325.32,3,3,92.63333333333333,rs
36890be00bbfc1cdb9a4a38a6af05a69,324.04,1,1,298.8,sp
0b35c634521043bf4b47e21547b99ab5,323.84,5,3,44.376,pr
bd0389da23d89b726abf911cccc54596,323.55,4,4,65.4,df
b45d7ebfb7378630f1bcd74b6ff86ff7,321.91,1,1,299.9,mg
df91910b6a03bb2e3358fa6a35e32f6f,321.19,2,2,130.45,sp
e9511df20ccd82658a30c37b7fb343af,318.22,5,3,38.96,sp
e0878efa0e0b7e5313ac0b43bc04c081,317.53,1,1,299.0,pr
1336efc61c316ddf92c899eb817f7cae,317.09000000000003,6,3,37.5,sp
4a3ccda38b2129705f3fb522db62ca31,315.29,2,2,141.9,sp
994f04b3718c2bab35c2adfa8afecd2a,311.87,4,2,67.175,sp
2fdde51ad3e12f297da656d4fbd5d0b5,309.99,1,1,279.0,sc
ede0c03645598cdfc63ca8237acbe73d,309.43,5,5,45.12,sp
a0415d9b25ede3c4b1e477e9916ffc03,309.41,1,1,299.9,rj
d3f39f05462b79a4562d35893a28f159,309.35,4,4,62.95,sp
643214e62b870443ccbe55ab29a4dccf,308.33,5,5,46.698,sp
3f2af2670e104d1bcb54022274daeac5,307.5,2,1,88.9,pr
a7c88262832dfc683781d6a421edefae,305.19,1,1,289.0,sp
d6ab728cf30867cf3f1a2e216ae2f9b7,304.73,3,3,88.33333333333333,sp
b347677812ea483b0f528eaf8cbc09b7,304.7,1,1,278.0,pr
83645b1645cdee8953ee54c29ceed564,303.76,3,3,82.63333333333334,pr
822b63912576852aea9a8436d72317b7,303.72,2,1,139.99,sp
f41ce2e25237f9092cd8e6e7516c7a2f,303.65,4,3,66.7,sp
0d85bbda9889ce1f7e63778d24f346eb,303.39,2,2,118.4,mg
f4aba7c0bca51484c30ab7bdc34bcdd1,303.31,8,8,24.697499999999998,sp
72c38a04bd6a1c3dbc5298425a0db86d,303.19,1,1,284.9,pr
4992e76a42cb3aad7a7047e0d3d7e729,302.54,7,5,30.485714285714288,sp
013900e863eace745d3ec7614cab5b1a,302.29999999999995,4,2,59.75,pr
c0563dd588b775f2e37747ef6ad6c92c,301.96000000000004,2,2,139.9,sp
cd6efc47efaabf134f8bdb654e10b4f1,301.67,2,2,133.45,rj
272f092de69afedd4d2969440b37f18f,300.15,5,4,48.92,sp
9baf5cb77970f539089d09a38bcec5c3,299.73,2,2,137.99,sp
c394e193cda3b4225ff2094d32184849,298.99,1,1,284.99,sp
02d35243ea2e497335cd0f076b45675d,297.27,1,1,249.0,rn
2e13c71026e1a39ba5cc1b86dcb679aa,297.13,3,2,86.0,sp
e0a366315b1b726b6c7832d664c0f530,296.54999999999995,3,3,81.56666666666666,sp
112453736dbe3889cfb74e1aaa0ba0c1,293.94,2,1,135.0,sp
fffd5413c0700ac820c7069d66d98c89,293.8,2,2,128.75,sp
43f8c9950d11ecd03a0304a49e010da6,293.51,3,3,85.65666666666668,sp
dc8798cbf453b7e0f98745e396cc5616,293.42,5,5,45.4,sp
e256a62e0ac58c0edfba09966142d561,292.74,2,1,133.0,pr
02f5837340d7eb4f653d676c7256523a,292.64,2,2,129.245,pr
c510bc1718f0f2961eaa42a23330681a,292.18,2,2,133.975,sp
3e8bd881d92466e63ba9e3e809cd3c50,291.75,2,2,132.4,rj
880eda903e719a5f179f7e9fceb3a69d,291.72,1,1,249.0,sp
83b08de96980757220871b31bf6cffca,291.21,3,3,81.49333333333334,rj
4342d4b2ba6b161468c63a7e7cfce593,290.12,2,2,129.9,rj
0aa2205ca24f113f4658a5c536667426,289.86,6,1,31.99,sp
b8555308bfdb4ca1ed54325a58da9a97,289.52,2,2,122.4,sp
715bbd5ba4e6b74cb0d2f29eb45058b0,289.36,4,4,49.925,sp
bab0a8cd684e41ba6e2637dca0979d3b,289.04,1,1,269.9,rj
b5abf4f36adc043117b4fca82c22984c,287.66999999999996,3,2,83.23333333333333,df
52956b80ae65fda598f06f6b9943e7a9,287.56,1,1,264.0,pr
b2479f944e1b90cf8a5de1bbfde284d6,286.78,5,5,41.59,sp
412a4720f3e9431b4afa1476a1acddbe,285.58,1,1,225.0,sp
35b96509602ec4b7da831b5cd73ff2c2,283.65,1,1,259.9,rs
bf100ecb7997df312b285358fb32f92c,283.56,2,2,124.9,pr
b7cc6c5e001441ae8cdd5c69a480cbe4,282.25,1,1,199.0,sc
038b75b729c8a9a04b0d07cba7eabe86,281.96,1,1,233.5,sp
05730013efda596306417c3b09302475,280.65,1,1,238.0,sc
60562ab00b8054280520d390c8c0045c,280.59,1,1,256.0,sp
5160d23075764e18e07c1f4a87fad743,280.14,3,3,78.33333333333333,sp
d20b021d3efdf267a402c402a48ea64b,279.67,5,5,37.79,sp
f593898ec748b7a8cb81fc04edafd98a,279.17,1,1,225.0,sp
f46490624488d3ff7ce78613913a7711,278.68,5,5,42.58,sp
ba89796db68db180bd389de96b2ff3b6,278.63,1,1,249.9,sp
ac6417315ae5da8f9a38ee11de6f7780,278.34999999999997,2,2,104.0,sp
f125f3a310c2e5f822d116147de1e474,277.18,2,2,123.25,sp
6426d21aca402a131fc0a5d0960a3c90,277.03,4,4,50.4,sp
fb89df7f89fd1b8f03fa2acca1ba7364,276.56,2,2,118.5,pr
a1474fd46fd3430168f7ec202da39408,276.34000000000003,2,2,91.0,sp
365e445f796710c3431557e85caa25db,276.11,1,1,259.0,sp
14a08204d03bb6b6bde8029f801ae0eb,276.11,6,4,27.25,sp
559d56f3b8f0bc2e5a9a62fe2ce2a39f,274.97,1,1,250.0,sc
d32e3909cfb714fb2a6cb092c85b9c5f,273.81,2,2,118.4,sp
d97df38225e5abadaff1e72cb72b823c,273.8,3,3,59.0,sp
77e4abfd739aed9c46480f90f81c0eb4,273.3,2,2,119.5,df
0eaa7e33d73809f1f925f7d07c506cbd,273.28,2,2,124.0,sp
aae3bfea055532c57fb453ed3ec80b30,273.0,2,2,121.4,sp
c013e57c075a06e5b5c48ee03c525719,272.26,4,3,53.489999999999995,sp
9c690ceacd5c66731bf443ea810195cb,272.25,2,2,114.4,mg
d8c7ba53e7e38711eaef8c2849d6d2e1,272.03,3,3,58.99333333333333,pr
43402bdf22aa2310e8f99e2f94f78628,270.55,1,1,189.99,sp
578460d8319c51dab351cd9db95eadfe,270.45,1,1,235.0,go
c4d51195486dc781531876a7d00453d8,269.85,1,1,231.54,sp
afa6714acee029b2dfdf357e5579cc03,268.99,1,1,249.99,sp
432c37c9dfba871172ec162e20118b8c,268.96000000000004,3,3,68.0,df
6df688df543f90e9b38f4319e75a9d88,268.43,7,4,24.93142857142857,mg
a938325a4b357fd23a6a4d5bb126408e,268.21999999999997,2,2,124.0,rj
141440cad9341e553f8401c574a2aa38,267.97,3,3,67.8,pr
001e6ad469a905060d959994f1b41e4f,267.94,1,1,250.0,rj
af4a0e4cfe1d9c26b6712b1be25a72e5,266.49,1,1,248.99,mg
1099a00e0ee3a50935e6c2447ca090c5,265.55,1,1,249.9,rj
d9bd94811c3338dceb4181f3dbc0c73e,263.74,2,2,123.0,sp
55d3daac7c404d59e51c2aa2f4dc5a23,263.59000000000003,1,1,201.0,sp
596849622429351f47b32e6cae1055ff,262.44,3,3,76.23333333333333,sp
b83cedfb587e7911540e3f576d6917ce,260.83000000000004,3,3,75.49666666666667,sp
d1c7fa84e48cfa21a0e595167c1c500e,260.44,2,2,101.925,rs
2709af9587499e95e803a6498a5a56e9,259.63,23,3,2.6695652173913045,sp
1dc2de47ee26a0a5b12dc14fd6dc0dea,259.43,3,2,63.23333333333334,sp
191d55f7edb8524d525ed01b20fe32e8,258.33,1,1,249.0,df
b33aaadd1a8891d2dfef0c4c3bdf0371,258.29,2,2,93.5,sp
fac35d150712afb921ec59ac5f39bb11,258.2,2,1,114.0,mg
fa1a9dec3a9940c072684a46728bf1fc,257.85,2,2,107.4,sc
75fbb52eda0cbc24f479d3b2fbfa8d3e,257.61,5,5,21.3,go
f5f1f2c5f923f36ad79ea1d07185ddc9,257.46000000000004,2,2,115.95,sp
8b2492b7ff4468839593fafeed55bad9,257.4,2,2,110.07499999999999,rj
03a2a6dcbe45d639c4dc2a0d24769c40,256.59000000000003,2,2,104.925,sp
8a2d12a90e92f012ce5226fc6592b653,254.45,1,1,235.0,pr
b74d1c09cb380e1d03a6f859c6f4224b,253.12,1,1,189.99,rj
a425f92c199eb576938df686728acd20,252.56,3,2,66.33333333333333,pr
a2fa0bdc798ee84cdb08281337cf4fb6,251.68,4,1,45.0,sc
15aac934c58d886785ac1b17953ea898,251.4,1,1,235.0,es
e883aa812c37a7413226856f4579fe91,251.35000000000002,3,3,69.9,sp
788e857f317e53de488d393e65a80f45,251.16,2,2,110.0,sp
070d165398b553f3b4b851c216b8a358,249.87,3,2,53.99,sp
23c38debaffe4a25a30fdbd9b586a13f,249.72,3,3,68.95333333333333,sp
0aea4c6ae1505b3228ddf3dd7822ee5b,249.41,1,1,238.99,sp
53d00c40e32aeb924a84ce72b1af869d,248.09000000000003,2,2,109.345,sp
218f991754f360af9c2daa5e0b8e990c,247.98,1,1,219.9,sp
d9a84e1403de8da0c3aa531d6d108ba6,247.35999999999999,8,8,19.275,sp
116ccb1a1604bc88e4d234a8c23f33de,246.75,5,5,36.5,sp
45ba18c210d42734ec52c0c1c574e9ee,245.67,4,3,49.942499999999995,sp
d90fe2229fee1a5da999ccd0c06c1667,244.34,1,1,220.0,sp
2e1a7d075abe038c1b2743005fe42ff1,244.31000000000003,3,3,67.9,sp
1cd9e0cc1839d55516843def5600816d,244.22,1,1,209.0,sp
8fec2e460530482132c436cfb5439925,243.71,1,1,224.89,sp
c68fb906c8f4b4b946d8386bfa6e5467,243.53,3,3,67.26,sp
cb0b3bcf14e0a709df412a99424a59d7,243.25,1,1,220.0,sp
8f119a0aee85c0c8fc534629734e94fd,243.24,3,3,63.43333333333334,sp
2059c39f76271d4ca3f15b5ffaccc8b8,242.26999999999998,4,4,44.425,pr
4677a5437afda5fa7140b927b07be1cc,242.23,1,1,214.0,pr
25e47381a6c510ddeb36084e33b89f0c,241.74,2,2,102.9,sp
ac51cac5e20d69ff485a54746488ef48,240.32,1,1,223.0,sp
1bb2bdb95f4841f1bba2c0d2cd83d3c9,240.03,6,5,25.448333333333334,sp
efff9341f3f8f5237b44ff67ed36a7bf,238.41,1,1,219.0,es
713e3a23ca5e47786eb6f0d99f94cfac,238.1,1,1,219.0,pr
c8660dcf9ba70575f45d80fe28c27713,238.08,4,1,45.0,sp
5f7300535881cef3b625fd683cf7d145,237.95,4,3,47.2175,rs
ddd51ae8cda92f3995a51fc0f0f3eec7,237.74,6,1,30.899999999999995,rj
2156f2671501a81034d7d07f217609d0,237.73000000000002,3,3,66.2,sp
fac1a9017ade7bdc94058fc1c969f355,237.61,1,1,218.2,sp
725af026f869236a8dd0ceb98564d156,237.58,1,1,217.0,mg
df0f42bc4c2142eacf0eaf2cffd0cfbb,237.47,2,2,104.0,sc
980640c45d7a4635885491d077167e4d,236.25,2,2,89.99000000000001,sp
3ca08eeb8d5595949fed424bd3677742,235.89,2,2,97.4,pr
f08c008c8a8d31417763738a1788a2a8,235.44000000000003,3,3,68.56666666666668,pr
6e2d3e2dc84fb30f6078f39dd3bddd6f,235.28,1,1,219.0,pr
5b35136197710e16ac5e7b7c2bd4ea85,235.19,1,1,219.9,rj
4da0e408c99d2fdc2126dc9fce518060,235.07999999999998,3,3,60.56666666666667,pr
b2c97074649f92197d9387d9033dda5f,234.74,2,2,88.025,sp
888faa8bfb0b159c37de6d898b961c31,234.64,1,1,197.9,sc
9da15f4a4ea758d9eeb49000dbe57e22,234.61,1,1,196.9,sp
718539d38d07dd351c76db862760e2e2,234.29000000000002,3,3,55.06,sp
4e0d109ccfba9a1151c103049880c857,233.93,1,1,180.54,rj
2745f798279e0ed033addcc1474776d7,233.79,2,2,99.60499999999999,sp
b1aaae6b66ad3c40f54b389d7ea4bee0,233.51000000000002,3,3,62.333333333333336,sp
7bcd7c5f8631701474db233ccf1c094b,233.48999999999998,2,2,87.5,sp
6b9b80d53ba3676eafe60268a810b5a1,233.29000000000002,2,2,99.0,sp
8f78f0903005064036736c7173a5c2ed,232.05,1,1,199.9,mg
62760d278921b5f352461620d68a9cee,231.43,2,2,99.0,sp
78a4d36f65a019172c6154468831a69f,231.34,1,1,209.9,sp
3ade81dab5a172b88e1871c28ae05260,230.75,1,1,185.0,sp
f214d28e8d8e3ef068748498ccc2f813,230.59,6,6,26.823333333333334,sp
406822777a0b9eb5c50e442dd4cd3ec5,229.14999999999998,3,3,58.23333333333333,sp
52f9db5cfb423382a2fa5c9e39303202,228.38,3,3,60.99,sp
729b2d09b2a0bdab221076327f13d050,228.1,6,5,24.215,sp
fe1b067411b8c5066e962aa146ccee03,227.31,2,2,92.99,sp
3b872fd4747f01cc56206f2934198618,225.35000000000002,2,2,84.99,sp
70849ca4f400aaabb62cb7462a6f1428,224.98,2,2,89.99,mg
01fd077212124329bac32490e8ef80d9,224.51999999999998,5,5,28.8,sp
377bc18334c78dd2f1535ef22a3ad225,224.44,1,1,135.98,pr
2ba91c7ad80ff88b23b7db823b43c233,223.5,2,2,103.25,sp
1d503743d2526f03f0c2c89540ee008c,223.31,5,3,32.712,sp
2f74af7a0ee5636f12c2336f9fffed47,222.66,4,4,42.15,sp
1464afc72f696af775557a821c2e253f,220.93,4,4,39.4,rj
5bffbafbb22daf6d3bfc216a46db8708,220.85,1,1,189.99,rj
fcdd820084f17e9982427971e4e9d47f,220.82,1,1,190.0,sp
297d5eccd19fa9a83b2630071ff105e4,220.81,2,2,98.0,pr
91f0eec23d4a61d7d7caeefa3f0ad1ca,219.58,1,1,199.9,sc
51209b446b2073894bdc0face6c73ffc,219.44,2,1,89.9,es
abcd2cb37d46c2c8fb1bf071c859fc5b,219.31,2,2,76.4,mt
f918546be4bec7104d117789ba758b2b,218.84000000000003,2,1,92.0,sp
15ead3a5037a918ddb520dfe39a3d2b9,218.46999999999997,3,3,54.0,mg
f7315bb81aea4ddca2d39e249a801c98,218.21,1,1,189.9,sp
ae45df84722b1d15c5f32b23a095746c,218.13,2,2,92.495,sp
abc015ebac1d283a323ca9db35ede4b9,217.96,1,1,199.0,sp
d4910f1cdcfdabd48d6b316e395d4a23,217.92000000000002,2,2,97.03999999999999,sp
6b536a23086fba0d58c08d68814397f6,217.82,3,3,56.666666666666664,rj
5b51032eddd242adc84c38acab88f23d,216.87,1,1,199.0,mg
e4ebd3f87bf70440014f07ddda7fbe03,215.84,2,2,95.75,sp
4450bd8327d471c4a11a83d1445b1b62,214.56,1,1,199.0,sp
55bb6fe5bebe5012e2d7d9928e1128ff,214.14,1,1,197.0,sp
4736e9d642ef4257cd7622516931eb51,213.9,2,1,99.0,sp
8f54d64f28a993550aa7943f12572959,213.89,1,1,194.9,mg
b5e3e38609125694d2ea2417522a60b7,213.82,3,3,57.32333333333333,sc
866558b3bccef2dbc6d29a2b5995016f,213.37,1,1,189.9,pr
f8201cab383e484733266d1906e2fdfa,212.69,2,2,89.9,sc
47efca563408aae19bb7206c2d969ea9,211.94,2,2,54.5,pi
5151aea44289d6c6b090ee31c2132508,211.51,1,1,187.9,sp
c458e2045a8aa8964f8879af03fdcce6,210.02,1,1,189.99,sp
cd3d09fbe6e3e9ff0c0ac0c300e93ae7,209.91,3,3,55.79,sp
dc64d75cc406bb0697be983831430e60,209.49,1,1,195.0,mg
fe701d88b67eaca109dffd464d1be9f9,209.11,1,1,189.9,rj
0ed6ce5d87fd9c69eaacaeb778d67235,208.65,3,3,54.93,sp
a17f621c590ea0fab3d5d883e1630ec6,208.45,4,4,38.58,sp
e2c92f9c1c7746d899d18f2e158bbff7,208.09,1,1,184.0,sp
ec933281fb017b5020d06df29c3f77e8,207.73,1,1,169.0,sp
951e8cef368f09bb3f3d03c00ca4702c,207.01999999999998,3,3,53.656666666666666,sp
808d4348b916efa08e766ebad39f61eb,206.73000000000002,3,3,49.900000000000006,sp
4170f6a9367e6b5d6401d03ce6d54569,205.53,1,1,179.0,df
5b664594895aefb418afaee6d40a9a23,204.94,4,3,39.65,rj
c42fd8e4d47dfb18ce5222f2dd7752f9,204.89,2,2,84.5,sp
eba88037e1dca898cd02881f67ced679,204.34,1,1,180.5,sp
5075aaa8404020ae6aa8bf4792099b41,204.24,6,1,14.99,mg
3faf68a3b0af94b10bac70d86077be49,204.08,1,1,188.99,sp
768de2a4fc06aacecb9a586ccc30746a,203.73,4,4,33.9,df
02b72cdeb9cfcc429f1af6f4e3f3b737,203.04,1,1,135.5,sp
6b89abe95848c850399130d149a39b63,201.18,1,1,145.9,go
b8114f2f589a6804810f04f99b36b498,200.02,1,1,161.42,sp
138dbe45fc62f1e244378131a6801526,199.79999999999998,6,6,22.066666666666666,sp
0a82f5fb06a4fe4ac2cf7cb412ec71b8,198.68,1,1,189.0,sp
845e8036c3f7bf62099352f5ed910240,198.5,3,3,52.9,rj
cf654707ed6a99f112c7ec3d6f314b8b,197.58,1,1,189.0,sp
2009a095de2a2a41626f6c6d7722678d,197.52,4,2,36.9,sp
41e0fa5761c886a630994a55c12087e7,197.07999999999998,2,2,84.75,sp
e8dba4d70f7f2b20e775d09cae01142d,196.96,2,2,74.99,sp
d93919c944be9cff128f6c9cb899eacb,196.7,2,2,79.9,sp
160e4f13fd3a64b1b86807be88b5ffb0,196.5,1,1,179.0,pr
5cbbd5a299cab112b7bf23862255e43e,196.17,3,3,52.35666666666666,pr
b56906f7fd1696e043f1bcce164c487b,195.99,3,3,44.96333333333333,sp
5c603ffb38cbbf25a0e0698941324143,195.7,1,1,174.4,mg
5dc203c7b84a0e71e878a179de05fb9a,192.91,1,1,179.0,sp
20cb7c2fde3e5bf10f0bbe7394e1c6a9,192.0,6,4,16.9,pr
8629c241b3622ac12cd4118afdc8d394,191.56,2,2,70.72,sp
e63e8bfa530fb16910dd6956e592bb81,191.4,4,4,30.15,sp
ffdd9f82b9a447f6f8d4b91554cc7dd3,188.64,2,2,76.6,pr
eb72802c83dc7547529c9546d1a9b8ef,188.39,1,1,169.99,sp
51702dc2a3e106c76dbff722b5bf0726,188.38,1,1,169.9,sp
7a91bf945c6fae0779f1c61ce97fe45c,188.37,1,1,169.9,rj
334cab711dee080b079fa5779b584783,188.29,3,2,49.9,sp
165b1235e9e9942cb5fae67103576fb0,187.63,2,2,56.65,sp
08ad4ac1388e4420ca531c3edfc46198,187.46,4,3,33.355,sp
ba6ce6de456f6c11d08c17701ba5c26f,187.11,1,1,169.0,sp
dfc475d54e1b6dbeeb7d7d9bdaa63827,187.06,3,2,44.596666666666664,pr
d06d019f72a04e5497a0b64190af170c,186.82,2,2,75.99,sp
392e0502231ae2f8b29994ef6398cd77,186.49,2,2,74.9,sp
6e4a902d1054e4e17aa6eab87fac1c75,186.24,2,2,74.5,sp
c714262700f93defc16bf17a51a4cb23,185.9,1,1,169.83,sp
c8143b3069f6746a77421b5ce30a450c,185.88,1,1,142.47,go
0f7eea709efdf942b5f95c7516dbacd7,185.2,2,2,76.83500000000001,sp
caa9bc43a9fe8cf9c564ddd8a03cc4a6,184.91,2,2,69.99,sp
179d859f51292aac5c10806a356f7af9,184.43,4,4,22.0,sp
e21a1e8be4715b0fcfd5385643bc49c4,184.0,4,3,30.9,sc
8a40ae794fa3f9892cee24bd5af0488b,183.65,2,2,59.989999999999995,pr
83353a83fd769dfafa4f21a72b15e3e5,183.64,1,1,169.9,sp
695051e2981c8b19e77cafe450d5bdf3,182.45,1,1,169.76,sp
8d79c8a04e42d722a75097ce5cbcf2ef,181.98,1,1,149.9,ce
33a17d60c64393351ebf1ef860f4e0f2,180.91,1,1,129.97,rs
bc47d5d1490df2b36add65d733eafaba,180.28,4,4,27.975,sp
ebef8d8c92b4fd3226e5d407bbff21ac,179.3,1,1,159.9,sp
1927cdb9fa74f5270097f6250e8e8f34,178.92000000000002,1,1,120.0,sp
02ecc2a19303f05e59ce133fd923fff7,177.25,1,1,149.9,sp
bdae679a9b282249bc23b9b69dae9a99,177.13,2,1,65.0,df
a4e634166243bbb3a13fa584463fa468,176.56,1,1,139.65,sp
eb5b6204dde3a6e03b5f1bb8479f055b,176.55,4,4,23.737499999999997,sp
1c40343cc5d18c2d8248ac2f3366de34,176.5,2,1,64.99,sp
c7fdb77fdbff3c41981bc52f787e959e,175.94,2,1,67.45,sp
5f3ae9136c875522250f8184f253413a,174.34,4,4,27.525,sp
3d5d0dc7073a299e31fa718ce1bc00b6,173.10999999999999,3,3,42.63333333333333,rj
1d2732ef8321502ee8488e8bed1ab8cd,172.72,2,1,68.0,rj
83a75eea11694e36e56dd0cb2240229a,172.55,1,1,159.0,sp
fcba71d4d5db057f43249145e4eb1e27,171.74,1,1,154.9,sp
1de62b6f2fd96227629786db492433db,171.59,1,1,149.9,sp
1b7e5006cb25dd23ce8686691013b121,171.4,1,1,163.0,sp
c03121937e54a93fcc1825c3098bbb6e,170.96,1,1,149.0,pr
b7ed9fb14c8eadb37adb9c45d67ab0fb,170.94,2,1,49.8,sp
c6a7539d424a8402232c2228d7a03c5e,170.5,2,2,40.5,sp
082e0bf4cb865a6533b1e8e498cc0255,170.4,2,2,65.95,sp
e4fc40017a6d22c46a14ac2e17f87c3e,170.29,1,1,129.0,pr
5a93f3ab0ef4c84ed5e1b5dbf23978bc,169.51,1,1,151.2,sp
adcf50477d6a1f5d91bb9d54c4903cb5,169.15,3,2,40.96666666666667,mg
d8b8f2cf9ff6ba0389072541cb42498c,169.01,1,1,149.0,go
5b2e94f2c22b39ccc24d34ad0f669672,168.88,1,1,114.0,sp
817245bcc3badd82bbd222e0366951a6,168.83,1,1,149.9,sp
c33a5c3c983090c8b78a28e65052a20d,168.79000000000002,2,2,69.9,sc
4ba52dfeba874da5b9ee7b17c7494f04,167.64,1,1,145.0,sp
81ed90f07c0bacb7594940ba2ef676aa,167.29,1,1,149.0,mg
20611af7866c6068fd5ae1f9dbe15c92,167.15,1,1,109.9,sp
1e47d8b6546eb3a77b1acddcc9406242,166.71,1,1,149.9,sp
25be943a321c8938947bdaabca979a90,166.06,1,1,145.0,sp
8dfbc5ff27df12f6cef751d3b9554222,166.01999999999998,2,2,65.0,pr
9a03a4e9eb0b947652fae4f6121a3f5e,165.8,1,1,150.0,sp
7f2617c58d5d06806987308b45654351,164.70000000000002,1,1,149.9,sp
8c0de775f52fe41590b376a3b7c50f68,164.54,1,1,137.5,sp
520b493b57809f446cb0a233bb3e25c7,164.09,4,3,28.25,sp
cea729054f157f5870bdd321a958d994,163.37,2,2,70.0,sp
9853a239ab7b7ebbdc3a21248d5b8e1f,163.20999999999998,2,2,61.0,pr
8fbd63429be6d3e5e6d1a709b6464802,162.41,1,1,138.9,sp
bc39d8938f90a3a2b98193723ed59774,161.34,1,1,153.4,sp
c731d18cea9bf687ffee82a241c25b11,160.46,1,1,139.0,sc
ba6b68b55fe8704377a7d43c8e5c0185,160.21,1,1,139.99,mg
28ea411b354f14b1a494be4e79f0ce02,160.18,1,1,145.0,sp
9c068d10aca38e85c50202e17b4a7e88,160.12,1,1,139.9,ms
9485a23c0430ba1d58d359391606fce6,159.66,1,1,144.9,sp
850913d59ce317156b00f3705f1c3edb,159.39,3,3,42.0,sp
8bd0e3abda539b9479c4b44a691be1ec,158.91,3,1,39.6,rs
3f8247d0f772ffa58560e5c682521ad5,158.45000000000002,1,1,139.9,sc
870d0118f7a9d85960f29ad89d5d989a,158.43,3,2,37.43333333333333,mg
4c18691b6037662be2df78a765d98ab5,158.11,4,4,25.425,sp
f44bdc12aa39f5271f0b95f66cd4c289,157.51,1,1,145.0,sp
5c6d4016c2a288f074fa0848a2b653d2,157.35000000000002,2,2,70.5,sp
20a8b0dc55da94fe74d112082427c84f,157.34,1,1,118.0,sp
ca4b77513ac2040591b0d8fae6958380,156.94,1,1,143.28,sp
3f3486b61f45078d4f31ee5e43d8c5bb,156.73000000000002,1,1,139.99,sp
0570350b23eda5444f8d1d9544932058,156.4,2,1,59.9,sp
32fdd5d44ecb43dfd6a24b9369eca144,156.18,2,2,59.9,mg
4b98b0428fc1932cc2514ef9ce2505e6,156.1,1,1,137.88,sp
d379f449f2a3b271bc01c0782020f705,156.07999999999998,2,2,48.7,mg
01bcc9d254a0143f0ce9791b960b2a47,156.0,1,1,121.35,go
02dcd3e8e25bee036e32512bcf175493,155.95000000000002,1,1,139.9,mg
e1b12447a7563944843191754aeb5562,155.72,1,1,139.99,sp
b55638ad525e906c698fa2ce742c1742,155.36,2,2,59.0,sc
a72c2f59332659e361d647515c698798,154.72,1,1,139.0,rs
21e83881401b92b49fb09a16d3852291,154.19,1,1,119.99,mg
ce616e1913288884e7742faac9d981db,154.04,3,2,43.900000000000006,sp
4a23adac87cf538689fa600d976f78b2,153.99,1,1,135.0,sp
bd4889b5e9133b35b66e42a8665cea5c,153.54,1,1,140.0,sp
0cbcee27c791afa0cdcb08587a2013a8,153.38,1,1,135.0,mg
c113b8df1fc375bc3d73d29c1b1144d1,153.38,2,1,59.0,sp
5011f0d93373a4c5753adf58ca77af8d,153.3,3,1,34.99,sp
bf00385a5f7fc1ef39a13c2e9ee50a5f,153.15,4,4,27.4,sp
b566ab0ef88016e00422755e305103c6,152.91,1,1,80.0,mg
8d899e15a5925f097cca50faa49b15e3,152.88,2,1,67.0,sp
b6e1504972665f739dec4facb9943775,150.51999999999998,2,2,64.60000000000001,sp
ea6b12bf9ffe2bac34602ec631d97a47,150.38000000000002,1,1,138.8,sp
7f40d06aa0b5f1aa4f41af8c0480e2ef,149.72,1,1,139.99,sp
33cbda8716511e27e556dff9d8418bf2,149.71,1,1,125.9,sc
bce6a5ecf98e99fd2a8868b15c51f04b,149.01,1,1,130.0,sp
57e632711dec9ec14ca7546769483e7e,148.58,1,1,132.9,sc
1996942dc085d7773ba77a529b163cd0,148.48999999999998,1,1,134.89,sp
4be6b962d83299498bae2190f95d6566,147.70999999999998,3,3,34.23333333333333,sp
0c7f30ae9b147eca07affbef92832a6a,147.65,1,1,129.9,pr
13511db12ac61e2f89c53b72a944a60b,147.64,1,1,134.0,rs
b18871c324516afa228a13e8f1ef0ae9,147.24,2,1,58.46,sp
9261d76c62caaf0b24677c2ceb7f8f20,147.16,1,1,124.98,sc
f22a247b79dd22ecd91dc8e3b2a1b07c,147.14,1,1,120.0,sp
9b00ed88b7fdb95d6ff76e27c1b52d16,146.8,3,3,36.03333333333333,sp
91543f9849d68d023e17194926598543,146.37,1,1,119.0,sc
1b8b75e227c9a9c100d0c210fb6176ce,146.11,1,1,129.99,sp
8602a61d680a10a82cceeeda0d99ea3d,145.66,2,2,57.5,sp
002100f778ceb8431b7a1020ff7ab48f,145.49,4,4,17.9,sp
b56828a9f9027f3c918c04ca720d9e3c,145.15,1,1,120.0,sp
817f85dbb65aa3e70831d90fe75cdf89,144.94,1,1,128.9,sp
41b14765bd56c8ad10971074380f9c0c,144.63,3,1,34.5,sp
ce20a2ec1514c25e16f2b5b39bc818f0,144.54,2,1,41.0,sp
c092292535a57dacd95a8765f5518f87,143.98,1,1,125.0,rj
53088c75f948b48a7ece173ac17f0c12,143.46,1,1,119.9,rs
656591be56071d4c9ef4e5fee78a578a,143.2,1,1,85.0,sp
a0d7fbb07bb5ebc3b05980e750db56f3,142.7,1,1,99.99,sp
ed8cb7b190ceb6067227478e48cf8dde,142.23000000000002,4,3,21.6225,sp
72bc2cce903c872fe376a8faaa81d237,141.64,1,1,127.0,sp
5d505d2298ad549e4e4e835562fa0c1e,140.98000000000002,1,1,124.9,sp
70b52a4cfc823994561b00bad161b4ed,140.18,2,2,58.5,sp
236585a4ddb5fea9fa40233e2249ed91,140.16,2,2,54.945,rs
2e3be8a987a30d7544dbbda6861cc14e,138.41,1,1,120.0,mg
92c8bc6e8f925792247656fed09aad65,138.33,1,1,124.9,sp
a806a4bb063ea7ca6d374eafa50a6058,138.06,2,1,54.9,es
14ee35374a7876217954b5fa08e50463,137.89,1,1,124.0,sp
3dbbce181edfaa4a597ec858c382d2ec,137.48000000000002,1,1,119.9,pr
a353b1083c9863d756d9404695016d64,137.09,1,1,120.0,es
6235903333ba7de1928c869e268e5964,135.48000000000002,1,1,94.06,sc
7357b52d27cbaa90f81a96cbc1279396,135.15,1,1,118.13,mg
59cea8e446d3834393058e7e0666b6fb,135.04000000000002,1,1,119.9,pr
67225bff54a172ff67579aaf583efd78,134.75,1,1,99.0,pa
e504a4e2efaa45cbff7e268a2c58c956,134.36,1,1,99.9,sp
b6dc74ed30f124f95227bed4e43a3bed,134.14,3,3,31.55333333333333,pr
33cbbec1e7e1044aaf11d152172c776f,133.82,2,2,46.03,rs
55029529919c0123526150bd26ca8f20,132.63,2,2,45.975,mg
228e4c1a0be164f613d41c24345f9d2c,132.6,1,1,109.9,pr
f7720c4fa8e3aba4546301ab80ea1f1b,132.41,3,3,26.516666666666666,pr
81783131d2a97c8d44d406a4be81b5d9,131.99,1,1,113.1,sp
94c49f20a123aeb9360dbf80ff912bf6,131.95000000000002,1,1,113.9,sp
f7496d659ca9fdaf323c0aae84176632,131.94,1,1,119.9,sp
ec4608a1f76453166bb312b2968aeaf4,131.86,2,2,31.195,sp
1d29dfba02015238dfbe2449a5eaa361,131.79000000000002,2,2,52.9,mg
99a54764c341d5dc80b4a8fac4eba3fb,131.75,2,2,29.849999999999998,sp
b3f19518fcec265b2e97af287725f981,131.53,2,2,50.99,sp
e0eabded302882513ced4ea3eb0c7059,130.96,1,1,79.9,sp
562f8cfc51f265411f487d07e9c40e7f,130.95999999999998,2,2,49.9,mg
d4ffeb15b67e81ff9af2b4252d99fb7e,130.8,1,1,115.9,sp
26785a546900236d66f2e4197c211158,130.4,2,2,57.45,sp
508808d438fe2ff972ed13bb8f4a82e2,129.58,3,3,31.83,sp
a3dd39f583bc80bd8c5901c95878921e,129.22,2,1,52.0,ba
659e8466eb3ff1b0e8740d74fb7bbedd,128.96,1,1,94.5,ba
f1fd5ab1181f827ffad998c1a5de7d74,128.73,1,1,109.0,pr
7e26c750b4cb9f6766f58265ff9ebe95,128.64,2,1,49.8,mg
921323538c9f1c4e816f2720eac02bea,126.86,1,1,109.9,sp
4de6e4ba574aa9dfdc824bc44dc47fdd,126.84,2,2,44.900000000000006,pr
3771c85bac139d2344864ede5d9341e3,126.82,2,2,49.9,sp
3935fe5fe0f82787a9dcb8deb62be09d,126.69,1,1,112.99,sp
80cfd480be3eb6d6267139f5cb793555,126.34,1,1,99.9,sp
e48b04bf1aa1ef711caebeb7aede6180,126.2,1,1,102.9,pr
ffad1e7127fb622cb64a900751590acd,126.02,1,1,102.5,sp
e8f6dc8e6a1dcde89d20e3995c8d90b3,125.67000000000002,2,2,34.4,sp
c53bcd3be457a342a97e39e5a9f0be22,125.43,1,1,89.9,se
d9442042130b7fe579d1295f9f4a248f,124.75999999999999,3,3,26.463333333333335,sp
d1582f4043306e6b91afa6a8a884f898,124.52,1,1,110.0,sp
a2deecd5398f5df4987110c80a1972a3,123.9,2,2,45.0,sp
1430239a858e7682bbc43b20758af153,123.50999999999999,3,2,26.566666666666663,sp
e51f22821f0c12a16ad5c020cdcd55e9,123.18,1,1,99.9,sp
58e4b302b54937e55a678c4d15111da4,122.89,1,1,109.99,pr
2a61c271b1ac763450d846849783e922,122.84,2,2,46.485,sp
f205b1a3ca9a34e0f8a228bae6e4c7b3,122.49,1,1,99.0,rs
3a734b715d333a2588a3d54a0c9b8746,122.27,1,1,110.0,sp
820cc752a266cdc6c1a1e61dd4583330,121.28,1,1,109.9,pr
f3c38ab652836d21de61fb8314b69182,120.62,2,2,49.0,sp
730937bf88cb151eb2eb849f642fc213,120.13,1,1,112.0,sp
213fafb0ca06fb3d5886579c2565791b,119.8,1,1,109.9,mg
2cb98e27ce1c18abdb42209b34c382a7,119.7,1,1,62.49,sp
0249d282d911d23cb8b869ab49c99f53,119.58,1,1,110.0,sp
59cd88080b93f3c18508673122d26169,119.14,2,2,34.945,sp
0887a9f087bcd5d9f6642b52f897fc6c,118.9,1,1,104.0,sp
f4a04f7be452aa3bb31760bf00055dd0,117.97,1,1,104.9,sp
d1ef48b38baca7e831711c4a0aeb398f,117.95,3,3,22.936666666666667,pr
f9244d45189d3a3605499abddeade7d5,117.94,1,1,99.99,sp
3442f8959a84dea7ee197c632cb2df15,117.62,1,1,101.7,sp
cfe94489ddd337d1e29e12f2a7205d10,117.57,1,1,99.0,sp
542917da124346b47ea1ac79a93ce454,117.46,1,1,102.0,pr
1660ad786c27fd935378b6192a90b417,117.07,1,1,90.0,sp
55a5b51f93f2b70ea513f5a047b0262a,116.84,1,1,99.7,mg
8060d731897e33b5c5ae575ce1e209e1,116.26,2,2,39.9,sp
7c5b05cbdb5542049f38d90d7815b97d,116.16999999999999,3,3,27.656666666666666,sp
e99e927c81e3f51739c94fcdfca9f10f,116.13,1,1,94.98,mg
be8e909810184b9b19e886129149d8e5,116.03,2,2,44.99,sp
638cba8be1fb599bbb76fd6948351eb3,115.93,3,2,23.5,sp
3fadb4cba4c35bce6a7eaf9872d5623a,115.9,2,1,41.9,rs
5275ca25d0358ca73864e0ae41be1320,115.86,1,1,98.9,sp
671585f5a2af58b6e276bc01003c0d2b,115.80000000000001,2,2,42.5,pr
7ff588a03c2aeae4fbd23f9ae64b760d,115.80000000000001,2,2,47.605000000000004,sp
6f835fd4be26989b1b064399da346143,115.7,1,1,99.9,pr
78ba5933c21686d1c2f64669c8c459e7,115.46,1,1,105.9,sp
6750d71153f00fc58829af2a8ef1bcf1,115.45,1,1,99.0,rj
bb2afe2061d53c6968aa0cffa233a8ec,114.97,2,2,48.9,sp
5f0057b677eb963672bf05dfa3f16c34,114.9,1,1,99.0,sp
f650a9708fa1bab22bdd8d3a818cc415,114.07,1,1,97.69,sc
26d6bbee02420494d471c9f6436929c0,113.85,1,1,90.5,pr
d4f117125b59ce73c3302f88ee40c458,113.84,2,2,43.445,sp
3d4824f20035949c710eaf111f869d39,113.75,3,3,25.49666666666667,sp
c04d70d515d15a7e3db3a73320598566,113.38,2,1,39.9,rj
2f4b9d112bfa44a214bc6cef085d17c8,113.36000000000001,3,2,18.9,es
851773c885feb5e2da3b4f82bc2b17ce,113.33,1,1,89.9,sp
cc5a78bbad32776dc4e3af205218368c,113.16,1,1,68.88,mg
02f623a8eb246f3c5f7c2f96462654e6,113.05,1,1,99.0,sp
2c43fb513632d29b3b58df74816f1b06,112.96,1,1,94.2,mg
9bade61a92bed55a25d2b67b9f4ed739,112.86,2,1,37.39,pr
77fccaae319668a8ab6cd0fd16aec48c,112.68,1,1,99.0,rj
8daab2245ebdc277c51098d01c5ad8ef,112.62,1,1,93.0,sp
57c764b4a836300be881e2ff86e449f9,112.22,4,4,9.9,sp
c8cc60ffd415254af5d9b9f34f32c369,111.83,1,1,94.9,sp
71271995e85f5b8530be99ed54a91b89,111.76,1,1,97.0,rs
134a288e7de827ec5ec62e3ec9c3a295,110.91,1,1,102.0,sp
83c465a786b06574376909b35ef6752a,108.77,1,1,93.8,sp
bf84056e679dbe9c69929847a40e338f,108.22,2,1,46.33,sp
365e4bce19bda0082c3d15d83fdb8bcd,107.46,1,1,99.0,sp
ad273c9eb54ecb4532de4bf75bae9e4e,107.42,1,1,89.0,pr
ca7c6bd577e559472af1c699de9e764e,107.16,4,3,18.5,sp
a37c340b91cb0169e8b029db6440fba2,107.03,1,1,69.0,sp
2aa3443d7bf9d9bb11133f420d75e083,106.97,1,1,89.9,rj
7354220fb240bde543b3c40c060d41e7,106.55,1,1,89.0,df
385799a1cddbd26dfeb9157356a42282,106.38,1,1,91.99,sp
87d30a6a0cbf89356e49324971ab1d24,106.02,2,2,44.989999999999995,sp
06bb3a2fe5e7b7a845b13e8fb91bd944,105.33,1,1,89.6,mg
269c5fc9fcadee614364c3620c30a1f9,105.16,2,1,45.0,sp
41da412d33e8da4f22baf55cb1bde82c,105.05,2,2,33.75,es
bb135baca94c82fcb731335ad5b04a03,104.99000000000001,4,2,11.3,sp
b248792ac0b60ec3f93d80af1b4fae47,104.54,2,1,38.7,sp
8b2d4ab22f42c5cfc338b846decfda60,104.0,2,1,40.0,pr
b16d3dadc47d4eb18be3d88bad0775ce,103.48,2,2,34.9,rs
da2782c804606d2a5d8e1760dbb3e7ec,103.37,1,1,89.0,sp
dc50afafdfa325eadc890c7fa42a8f4e,102.86,1,1,88.9,pr
3c3017960b2dbd72711a61f0400aab8f,102.8,1,1,84.8,sc
9aa388272ee334b6ae07bc73706e254a,102.69,1,1,84.0,mg
6bb66d9870c2e01c05655c7ed0e7ee13,102.53,1,1,85.0,sp
a154d7316f158bb42e6fa18bbe3afd3a,101.99,1,1,69.9,sp
7c9130f5f3729edd32aa059141d92484,101.82,2,1,31.5,sp
e6a69c4a27dfdd98ffe5aa757ad744bc,101.21000000000001,2,2,38.870000000000005,sp
152ee17e4c8aaf53dac99f3462e4999b,100.96000000000001,2,2,34.49,sc
98115075dd26cb8835946fc6086f5d30,100.63,1,1,88.99,sp
ef2fbc2b607d8492bcffe657a4645434,100.49999999999999,3,2,18.9,rj
cda598c48d7c614bc1cad7d8ff6f0010,99.65,1,1,79.9,sp
762fafdaa57a532ee0119731697579dd,99.22,1,1,89.9,sp
10076e5788b8ee532724bcd460baf762,99.1,2,2,37.6,sp
44f091b5abab8018f682fce8124b85e5,98.82,1,1,90.0,sp
e53d5b9b29d1218281f4a907ada18626,98.32,1,1,55.65,pr
777a0c55737f34ffeb78010f7542ab41,98.11,1,1,81.35,sp
c70a353f02429c00775a46a75fb787da,97.87,2,2,36.75,sp
6ddc28b61be28373b4503a1f61cf98a9,97.79,1,1,89.9,sp
d66c11a9572221d92fbb8c4897db5f9b,97.58,1,1,58.66,rj
ffc470761de7d0232558ba5e786e57b7,97.57,2,2,40.34,sp
2646baaf662d4d92ac48f047e35db92d,97.46000000000001,2,2,40.55,sp
615005a3ef192c00c6f0e977cee3d2bc,96.4,2,1,33.1,sp
f0e103c63864d5405b958d984b6e94c9,96.22,1,1,79.9,sp
8f2b51a30523cdecddc2f179f351c7d6,95.88,2,2,37.0,sp
d7b2377bae6ace1b11fc69a11900ac36,95.21,1,1,79.9,sp
1dcfa3835714681d4ba4a93bc1e0fd41,95.21,1,1,79.9,sp
d4e12e7884759a14fa0f5f896c791cae,95.14,2,2,35.849999999999994,sp
318f287a62ab7ac10b703ac37435a231,95.09,2,2,30.75,sp
4324dd16853115efb0fd9d0d131ba6f4,94.91,1,1,82.0,sp
a64e44665225d19dfc0277eeeaaccc57,94.8,2,2,34.5,sp
c5ebe6598748b0aeaa61cfb820478b92,94.49,1,1,74.5,rs
39d54ff918774174706fb065d7f9dc07,94.43,1,1,79.0,sp
98dddbc4601dd4443ca174359b237166,93.85,1,1,79.0,pr
7ade73f1b9b4e965f9009a4c3a7e2c15,93.82,1,1,79.9,sp
c8665a4dd081a2c436b1cd921079d0d9,93.53,1,1,79.39,sp
d9e7e7778b32987280a6f2cb9a39c57d,93.5,1,1,80.5,sp
babcc0ab201e4c60188427cae51a5b8b,93.13,1,1,79.0,sp
d1b9d4be4b6f9ebd85f8acd6745ba612,92.83,1,1,84.65,mg
9cf787a239c1aa29dbd76f153dc13f9a,92.21,1,1,79.0,sp
09883d9ab71c8fe8a9bfc7fc3075b07e,91.66,1,1,79.9,sp
90b36c5aeb728d5504a39f435bef0c5f,91.64,1,1,53.0,sp
768a86e36ad6aae3d03ee3c6433d61df,91.53999999999999,2,2,32.41,sp
3fac58ce0ad699020c7944d53c41329c,91.53,2,2,34.94,sp
e5d4b2b0c3bca22085f7a19a28de0c42,91.29,1,1,75.0,sc
3ea00e1dea2b0659dbaf654735929220,91.23,1,1,75.0,pr
7fe21dd00d2f4943ae09525efa2fd674,91.07,1,1,79.9,rj
7f7b8245c336066a1f9933c359f11d77,90.97999999999999,2,2,37.825,sp
6ec1a01e866584bb679eb9b098345919,90.75,1,1,72.99,sp
5a4236931428800e9d9cc04af0987118,90.66,3,1,14.99,sp
e627629ba868740e287800f1a9be81c2,90.64,2,2,35.95,sp
d3891911c2feae53c52fea2bd14054e5,90.6,1,1,72.0,sp
1fbe10c70e30765ed1de86d9f7e98409,90.41,1,1,68.0,sp
cf281cf8b7affbdfe751b29cc85580e1,90.23,1,1,64.9,ce
6da1992f915d77be95d7fa48b36904af,89.58,2,1,29.0,sp
6ee85be3693ed79a8e80718743d80655,89.57,2,2,29.5,sp
f90f77ef2799a27f80d90c425ca944f7,89.46000000000001,1,1,70.0,pr
debe6615cd90cc0c2eac2b8988e1f628,88.84,1,1,62.9,sp
7238a95bb63ef7e498389fb863b834a1,88.83,1,1,76.0,sp
7139dc5186aa238b006e066d8fbab2e4,88.49,1,1,76.0,sp
d9d43faf741ceaa8da52fdbb81d9e0e3,88.46,2,2,26.0,sp
97e4a63591ca439a2b8b7efd20e6e19e,88.28,1,1,69.99,rj
34a557286ead8fe75c989e0afcf7d98c,87.97,1,1,75.0,sp
7b98de631987e26dd6d803490c43a13c,87.76,1,1,73.9,pr
89f69225956f951295ca4c7fb1266553,87.48,1,1,68.9,rj
325f3178fb58e2a9778334621eecdbf9,87.17,3,3,23.8,sp
353e21e8bf8de2722b4fae1636664b76,87.16,1,1,65.0,rs
a1bea7061f61f6fdd9a85a6325ba1033,86.80000000000001,2,2,35.445,sp
0a198e95d32b1be2da9424c962a6ebfa,86.66999999999999,1,1,69.99,mg
a080fc8a850289b27500f6b49cca2553,86.42,1,1,79.0,sp
f52c2422904463fdd7741f99045fecb6,86.28999999999999,2,2,27.9,sp
c37b2059d4f90d4feead554e5246565e,86.25,1,1,39.0,sp
64b87978a11c1ea7501a89eabe8c2c1a,86.17999999999999,1,1,69.99,sp
4200ddf1967c5e41e48db62bc6d4b5ac,85.9,3,2,16.9,sp
4978a02ea9c8be7a9b5480680f40334e,85.87,2,2,35.49,sp
2ee0a0689f2f6a72f35a7cb6033f6e7e,85.12,1,1,68.2,sp
41c2bad7229b0c25e6becf179ebf63ff,84.54,2,2,34.0,rn
7c4618c82226628831613e95e9c22f44,84.32000000000001,3,3,17.826666666666664,sp
bf0045791395e66460eb04749c68672a,84.32,1,1,59.9,sp
edb65fe661681b1c0de8bd47c8655855,84.24,1,1,69.0,sp
01c97ebb5cdac52891c0ed1c37ba0012,84.18,2,1,29.4,sp
59bbc819b99a733f02f0d6b49d1c253d,83.97,1,1,69.9,sp
b81e3a6c866a764974fe849821abeebd,83.75,3,2,16.55666666666667,sp
c794dab4928dd97beb41d05514441e86,83.59,2,2,30.549999999999997,sp
a23266650e7c84bb93fbbba502137478,83.53,1,1,70.9,rs
83c8aafbefb034674a70de0eac5b8954,82.82,1,1,69.0,pr
df47da4ae86fa4db890d05aaf24e21d8,82.68,1,1,74.9,sp
3361277dc30b7cccdb0c286b24219756,82.24,1,1,56.55,pr
391bbd13b6452244774beff1824006ed,81.6,1,1,63.9,sp
35857757f553273b1056c1cabdace7fb,81.36,1,1,54.9,sp
2f4b0d3b9634b647d4edee577d7ebb7e,81.25999999999999,3,2,19.566666666666666,sp
c4fabeea6e569d42d02993bb1f4f1cbc,81.12,1,1,59.9,ce
e1dc0754bada9ee4cfe9713f22f61292,80.38,1,1,65.0,rj
a89e143d5211473ae18db9577ee34b64,79.94,1,1,70.0,sp
89bc797e2e29667aa035d4368f9b7f92,79.87,2,2,27.4,sp
56e361f411e38dcef17cdc2a3d99628b,78.62,1,1,62.0,sp
0fe2d9733ed841eb064503920015a8c0,78.18,1,1,59.88,sp
f3511c85f59f8dec53d140501ee8e7a8,78.01,1,1,69.9,pr
86649b1632b1c0e6c0bcb2c90a8b75d8,77.66,1,1,59.99,pr
db46ca7bce82b11f7e247539271fc390,77.53999999999999,1,1,61.9,rj
a8739afb32aaa45e01815ca76f76f54b,77.51,2,2,22.0,sp
9bcdfa7b615b3abb9461d9e3ad9886ae,77.5,2,2,21.09,sc
6ba4733aa33f6386e9fb0c0fd3993b38,77.21,1,1,54.9,rs
daf565f087a52def0fd5c5825b3661bc,77.2,1,1,49.9,sc
6a8a889bde935bafa76d7848782dfaf9,77.00999999999999,2,2,26.744999999999997,sp
c35672b10ad50968f567ea3f4b91e877,76.57,1,1,59.9,rj
05aebce0b5c8f0d41b29b686f2d05fd3,76.55,1,1,40.0,sp
cb6c9f5888a7a090c75beaf615925792,76.28999999999999,1,1,59.9,es
4e06067cc08b3f41d837768d392c3ee3,76.28,3,2,11.329999999999998,mg
dd533b429f380718b70ad9922c294bae,76.14,1,1,52.9,sp
18e694e0e48ed6f7aa3f24aade5fd697,76.07,3,2,12.566666666666668,sp
42ef3192a9ff87a22d1867b74b3ee205,75.66,2,2,27.45,sp
d101c6da914ae3d53f7bee42283f2fe2,75.63,1,1,63.9,sp
e88c9b79e592e370d6bd852eeefbf057,75.16,1,1,59.99,pr
adbe70ab2c97442046d393988c8d1d27,75.08,1,1,59.9,sp
8eb88b0acb3f90a717ad659221471fa7,75.07,1,1,59.9,sc
2a7c6c0b0d5efde2bf75ec1e1cec2d41,74.97,1,1,59.8,pr
de9727ca376d1be6ec121b110aa7954c,74.67,1,1,60.9,pr
4e5725ba188db8252977a4f0227bd462,74.27,1,1,56.0,sp
7d294cf9a6a69dc6a0c3e540fff0e039,73.78,1,1,51.45,sc
e48cc16ab70bfa09e1401740dce0b3d7,73.76,1,1,60.99,sp
33ab10be054370c254ddfcf0a6253422,73.71000000000001,1,1,58.2,rj
373ee4a3a775a733770ca3f790b8b9ac,73.58,2,2,25.85,rj
9ed65337433adfbedefd23dd76eaa494,73.47,1,1,50.4,sp
a5a1bfcf728ab0e19182959cf0771ee4,72.75999999999999,1,1,59.9,sp
66d5ae34537110d3affc56174dad2b2f,72.17999999999999,3,1,11.270000000000001,sp
7b7f91e98f8c6def45a1407923304402,72.08,1,1,48.98,sp
1c56ffe0e9dea2657fc6e95b53f40b13,72.07,1,1,59.0,sp
c0098efcf800861dcae589affca31408,72.05,1,1,59.9,sp
a066df7361163e7ddc5d7452dd17448b,71.82,1,1,59.9,sp
ff1e15b778c700abdd4d239b81ac466d,71.81,1,1,59.9,pr
2f1e7b90e01d9f086cbcb301c0c3d406,71.66,1,1,59.0,sc
f419677537694f0462a91990df6ca44f,71.17,1,1,55.9,sp
bc302730ea8cf49b5c74f579febb5bbf,71.06,2,2,21.99,sp
e3a386fc36e22064434e1fa256f6a9fa,71.0,1,1,62.4,sp
0ee4fb99ac55ffbbc98795aa01b7f8fa,70.92999999999999,1,1,59.9,sp
fe1bbc5feda5c8979a8a1b3b2512d5a6,70.79,1,1,49.99,mg
0d33a55da925bbf1ff02af5f6059fc7f,70.22,2,2,26.0,sp
0936e1837d0c79253456bbb2ffaaef10,70.02,2,1,19.45,sp
b76a1f8356322f12529c37b67d5c96c2,69.84,1,1,59.9,sp
c79151301b9d90985d1fa52879213105,69.67,1,1,55.2,pr
8a87611c08849ffeeccab52aa798b6c7,69.54,1,1,53.95,pr
89de2d6f23e9746ff309705b23581faa,69.53999999999999,1,1,50.0,pr
36f98ad67cc981f50ce8aed093d5783c,69.53999999999999,1,1,50.0,pr
3985a3c45be355a4c57fde108bfabd1c,69.45,1,1,39.9,rs
26e2c91ef821e1ff8985f408788fe35b,69.4,1,1,57.5,sp
7d7d2b7a51328016102d4528c411d630,69.22,1,1,49.9,sp
c6218512d16fcac0af02fe92691cf274,69.16,1,1,55.0,mg
4c61e37f664c3c88aff092aa5ac779d7,69.15,1,1,53.89,rj
cb9fb4ca75d7ba8437480e8dde64fe98,68.82,1,1,48.98,sp
65b081a070633e057c462abdd6fb9dd8,68.6,1,1,51.8,go
e644cbadf7eeb30d0d29f335ce7d52ec,68.57000000000001,1,1,59.99,sp
20a7efa9721046319bdde5d60b6b5365,68.5,1,1,51.7,sp
bd4431c1a8dfa744b59e1e2a8bc99b9e,68.38,1,1,55.0,rj
c963a25b8671419c6ce9eebe8fd03218,68.32,1,1,49.0,rj
d29ba1220fb8634fa3a107e54497b8a4,68.22,1,1,49.99,sp
916748bc99315c2d202898ae58b1617e,68.17,3,3,9.9,sp
5a413ade68e8f8d93071a7f52a64cb9e,68.05,1,1,55.0,sp
ca77545ca4d2dfd1431bf61334e2fa3c,68.02,1,1,52.9,pr
7ecd59e5e20407131822c1a68ac59c1f,66.91,1,1,49.99,df
5aaa890629f83706d8d9bfecd8377c1c,66.82,1,1,48.9,rj
38af8acfd46ac4a7bf754e8ca6736664,66.78,1,1,59.0,sp
c89cf7c468a48af70aada384e722f9e2,66.75,1,1,58.0,rj
0a85ebe4e328db81ac9109781205e2f7,66.67,1,1,59.0,sp
4c8b8048e33af2bf94f2eb547746a916,66.32,2,2,20.89,sp
189ca3538ce9f920cacf0f982cbe223b,65.74000000000001,2,2,22.0,sp
c0f783394e37cd9c9d7f5f81141450fa,65.0,1,1,49.9,sp
5c853bb56f70f4d14218944bae111d7a,64.97999999999999,3,3,11.656666666666666,sp
07bf9669d84d1f11be443a9dd938f698,64.6,1,1,48.0,sp
0743a0239d764b9a0f959a57d07e36ab,64.43,1,1,48.99,sp
534a01cc6df1e034e05c32028a291fa2,64.0,1,1,48.9,sp
93b9a99027bd8bd6af682aff18dd19bf,63.92,2,1,21.0,sp
ce33c6211beaa8fef4cae8b52db39862,63.52,1,1,49.0,sp
a414555ce331b8c8aea4a9cb8395194d,63.42,1,1,49.99,sp
f615fe7efbef0f4f08fd3086bc7a3e60,63.27,1,1,49.9,sp
7c1fea10b5b006671d608b1d7c446ec4,63.17,2,2,19.9,sp
70c0fda4c313d87115644d39e62eec60,63.08,1,1,25.99,pe
3d0cd21d41671c46f82cd11176bf7277,62.79,1,1,35.9,sc
95b293867b5862941c9cd74f756a3c68,62.68,1,1,54.9,sp
3ded4e2d5f135cb103e5949d7263d2dd,62.38,1,1,49.9,mg
a0a14e50070f3225b3eabba5b85da517,62.16,1,1,44.05,pr
08d2d642cf72b622b14dde1d2f5eb2f5,61.95,2,2,17.5,sp
bd4ff04377f974574f7f0bf9d6ce7dde,60.95,1,1,49.99,sp
ef30892870c278497523264be1be2241,59.25,1,1,47.4,sp
15cd6eefe58588619aaed41dfa6621b1,58.83,1,1,35.9,mg
0747d5bb69f0586cc869d8af4c50f93e,58.28,2,2,16.4,rj
edb58a1390adf273840030a3d6253829,58.28,1,1,39.9,sp
577719699805dd125d5b6fdde5943bba,57.86,1,1,19.45,rs
7d948535954aaf8c5d39db007f74372e,57.82,1,1,49.0,sp
6d22a1fcebb6dd08c9cd90b92a93e8d0,57.69,1,1,40.9,sc
1b45169b635ef59425637e9a33eb5fb3,57.65,1,1,44.0,pr
b0b346d3a89f5eb4c2968af3f083cd43,57.6,1,1,40.0,sp
31be790e64fc99f8ff48ec2bd18a3104,57.51,1,1,44.9,sp
aae5e7b457a3c72ee230a47d98fceda5,57.39,1,1,29.9,pr
da7039f29f90ce5b4846ffc0fcc93beb,57.19,1,1,49.8,sp
c8467937e403e76a8ee9f0ab13f6f5ef,56.98,1,1,29.9,mg
c2d70ce2c5d0a2eb75e78668236e6dc8,56.39,1,1,49.0,sp
a5ff20ff766e7f50bd5066f33da14413,55.58,2,1,15.0,sp
f0837c8d71434931d9e38e7b79234797,55.23,1,1,37.0,rs
76c47a299e4a8fe992316a85865acbe9,55.1,1,1,40.0,sp
166e8f1381e09651983c38b1f6f91c11,55.0,1,1,39.9,sc
ea00f977a203ff88adf7057cb7806998,54.78,2,2,19.99,sp
e4253cef933647000a82ff39c67b7bde,54.63,1,1,29.0,sp
2b3b9ce054da76a7428df143a567b156,54.37,1,1,39.0,sp
c7a0a13cbcf29d5ce51c8f80afdc0b89,54.33,1,1,35.98,sc
c26ba52cf8d2f34915f2f6b7ffa0a3f3,54.03,1,1,44.49,rj
b7e1750c1157341d2abd0251e07c186b,54.01,1,1,39.9,sp
044668ccd5316b12a7cf0d54a156e3e9,53.68,1,1,35.33,sp
f5b44895715ddfe3087dc414f30268f3,53.53,1,1,27.9,sp
5962468f885ea01a1b6a97a218797b0a,53.1,1,1,39.0,pr
f4ce8ca9fa7157e3b33f536ac9a4487d,52.84,1,1,39.9,sp
87d3c3aeb3ead335511b3ce315eb341e,52.599999999999994,2,2,14.99,sp
079d295dcbf06ee8bb1b65ba964eb2b6,52.07,1,1,37.5,sp
43b2c864251aa0ce4030c746984e088a,52.07,1,1,34.9,df
f8e2c1b59cd4225a3e4fd0d013a76b93,51.85,1,1,40.0,sp
9f50216bfd01913736a55a11b55ea842,51.79,1,1,45.0,sp
343e716476e3748b069f980efbaa294e,51.75,1,1,39.9,sp
bdf0d02d36a1d839d0c39c4a887cdd49,51.7,2,1,14.0,sp
4a1f694197d05fe70026b016a7316b41,51.61,1,1,39.99,sp
2d2322d842118867781fc737e96d59a1,51.28,2,2,17.35,sp
6338ea67c41078a46ad99cc009654956,51.09,1,1,35.99,rs
cfd7ddab722b902f7ac5b5f3ba6d723d,51.03,1,1,34.95,mg
eec3469d83e142f9a104886655338c37,50.86,1,1,39.9,sp
94ca168e8bcb407ab85c5da308863027,50.75,1,1,38.9,sp
630008e0f062605a415d694489f6f82e,50.7,1,1,35.35,sp
28405831a29823802aa22c084cfd0649,50.35,1,1,35.0,sp
ea1776927851da2532aa70d6a32c095a,50.24,1,1,34.9,sp
ff4e2d38692ce827b1a4f4b8196e680d,50.23,1,1,35.0,sp
657969cca82e884d272385ec0ef06edd,50.13,1,1,34.9,rs
73b8eb4a9a729d4019b24ed1be748cbf,50.1,1,1,42.54,sp
77714512e8d4dda9c234da8e3faf16e4,49.94,1,1,40.9,sp
11d4c477d09821164bca4f70a2eae031,49.760000000000005,1,1,32.7,sp
a06c8ff043abea0528ee44171e2140a2,49.57,1,1,31.25,mg
75745ef7bc7d4f3ea3380f6f5303f514,49.55,1,1,33.9,df
02a2272692e13558373c66db98f05e2e,49.34,1,1,24.99,rj
1d139e3a3b14025640d8df1b230aace0,48.6,1,1,29.01,sp
acb6c2ca5c82411c1fdb88d5fd5eb95e,48.24,2,1,8.89,sp
404e1ba01358af4cd63f679b2c4d1fa1,48.21,1,1,29.9,mg
85cc55e048b6bcc90c75afe7f0e72f72,48.13,1,1,29.9,rj
79565f7d5603b24ddf07ade262547f2f,47.8,1,1,27.0,sp
30a81d8cf85fb2ada1b1b094c9583a95,47.8,1,1,34.9,sp
ae8bfdbf1c2a2a2dee92d799db0a31c6,47.59,1,1,29.99,pr
5def4c3732941a971cba8fdee992ede1,47.58,2,1,15.5,sp
51e4e89242cbb846c2deff3dc015650e,47.29,1,1,27.9,rs
e5bd51692380fd8cabb19b756b95e714,47.29,1,1,39.9,sp
b2eecf5ea250510da76590ca79d60e5d,46.85,1,1,35.0,sp
2953ce3a88f5e3c3b696d77fc9e4c8eb,46.78,1,1,39.0,sp
2aafae69bf4c41fbd94053d9413e87ee,46.53,1,1,35.0,rs
00720abe85ba0859807595bbf045a33b,46.18,2,1,14.8,sp
b8d890108a7a80e4f5d59eea9f362438,45.01,1,1,29.9,pr
579891617139df7d8671d373f0669622,45.01,1,1,29.9,rj
c43d924a0f1688ee9fae0efcd6f539d4,45.01,1,1,29.9,rj
f3295428338a40977a03f555246a70f4,45.0,1,1,29.9,es
e83c76265fc54bf41eac728805e4da77,44.75,1,1,32.9,sp
26562f211dd1364af2a8596dc945e8ae,44.52,1,1,37.0,sp
5b33b527da3c5b969cc99dc435cad09a,44.42,1,1,29.9,pr
c878515173c84a492ebe50d6b493230b,44.08,2,1,14.49,pr
5882820ef11c4c068eea0677a7a879b4,43.95,1,1,27.9,rs
186cdd1b2df32caa72cfb410bba768d3,43.69,1,1,30.0,sc
3a3e46d10f74d8a6ca76e2b538f106a0,43.41,1,1,35.0,sp
5debea795b07621e1f90532e18f96145,43.38,1,1,30.9,pr
26f6b7ab07be3e9e69ce82a6552efc19,43.22,1,1,24.9,rj
e603cf3fec55f8697c9059638d6c8eb5,43.05,1,1,27.0,rs
35fb511489d9ee3ee27a76debce9df06,41.92,1,1,24.0,pr
d58d521f3789def2e7a22715e0badd93,41.870000000000005,1,1,32.99,sp
6861de0f40cacb0602e473c51639f980,41.370000000000005,1,1,25.0,pr
5a05a16bb50629ee31afab8a6d4c2674,40.77,1,1,32.9,rs
7d7866a99a8656a42c7ff6352a433410,40.760000000000005,1,1,22.5,sp
57fe6232e67823593374a2281d7a8af8,40.61,1,1,27.92,sp
7315baebc0572ff220d226283dc66728,40.47,1,1,25.95,sp
d594982fd877af63ace38ea1fca27c76,40.04,1,1,27.19,sp
63ffcb71394dd8ea3872ed9ffda17c74,39.88,1,1,27.9,rj
8fdca8e349553f99bc738833a62c8802,39.54,2,1,11.99,sp
86bf77bdb52e615674772d5817c6212f,39.23,1,1,24.0,rs
9d681c7e12db302cb261e721040dde65,39.16,1,1,29.9,pr
89ad3263c0931c47f976d7c5778e60f6,39.08,1,1,31.6,sp
f435898e493ba0356019a0b1cb8b55b1,38.98,1,1,24.87,pr
9539213aa8e023c01937bef95dc006da,38.62,1,1,29.9,sp
939f6e231201f26803cb5c3a3d2940b3,38.36,1,1,22.9,sp
c8b3445d737de6befde0c88ede534a5e,38.28,1,1,29.99,sp
3969863bb8af7f72580b3b1ffd3a17b3,38.19,1,1,29.9,sp
9d39404483343dd55c7ae254494d8388,37.78,1,1,30.0,sp
bec568278124768c474ee90971ca94d1,37.65,1,1,20.9,sp
c0e0b73d039eb9a99b6ce4cb7a429cd3,37.56,1,1,29.88,sc
d197aa8fbc64087f61984deef05f6227,37.47,1,1,29.6,sp
aa1eb17b9fdf6dfd546e25c45c7b9235,37.39,1,1,30.0,sp
76623fde66e6b63b59440fd34160512d,37.28,1,1,29.5,sp
72146da5774cabf2632faedcae097a76,37.05,1,1,14.99,pr
bd0a1b0aadca9a83d9304f7e8ff5fbd5,36.78,1,1,28.9,sp
6e1862e15f33d9994bc25922a85e1efc,36.7,1,1,28.99,sp
b8630e1121437d41cb08e3c749c2c2e2,36.55,1,1,29.0,rj
31561f325664a8a7aba4c8d0c3a9b3db,36.46,1,1,27.49,sp
e84ad2127668df3aafc6b73531a0beb8,35.760000000000005,2,1,9.0,sp
b77a27b1864483e721dc831d5ba4afa0,35.0,1,1,20.9,rj
63bc58679c44e8a998792119fd7ad23e,34.01,1,1,19.9,sp
50770d25768b0486d89be26afca3108f,34.0,1,1,18.9,sp
d8d9567d0bfb0bc7eb845a205ba42657,33.61,1,1,19.9,sp
c0aff2da32c17759d30b22fb0af6649d,33.230000000000004,1,1,15.0,sc
b127efdabeffb5d559349c7b172eb75d,33.03,1,1,28.0,sp
e8a85b5f3df47be0984c55fd4064dbb4,31.75,1,1,24.0,df
3d290fe363c60a77498c1126fd3fb8d3,30.95,1,1,19.99,sp
ea65d8b58316a6f2362f2a9e4b3e86ad,30.130000000000003,1,1,14.9,sp
9f56a7a649097b166d8ed286ad86a15c,30.09,1,1,14.99,rj
c990d6cf976a5718aaedc539f383ab88,30.0,1,1,15.9,sp
4e85b538b0dad58852641540686d0e14,29.49,1,1,14.39,sp
78c99c6dff4eeae5be99bf635ed21e3f,28.59,1,1,15.9,sp
668bf321538e5072858eaef6087ce027,28.01,1,1,19.9,pr
25cf099de44674fde97473224f9d59ab,27.78,1,1,20.0,sp
6c1b6d0c604b776f844125f911eb7377,27.73,1,1,16.77,sp
a218df5c097b0ca409cfaac1488cc7f6,27.69,1,1,14.9,sp
8d46553a36e68f95350a200c12f8f2e2,27.11,1,1,19.0,sp
95ec4458365c4d11f452ccf538377619,26.61,1,1,18.9,sp
e88165a185134e13fdfc85d4fa654db8,26.29,1,1,18.0,sp
e819bcfade7b5d88a27325eb6cfd62c5,26.19,1,1,17.9,sp
2379bdc3888025689a9deb7b141507d5,26.130000000000003,1,1,7.9,sp
52f0fe436a347ddad7ed5f9aa4e27eaa,24.09,1,1,8.99,sp
c18309219e789960add0b2255ca4b091,24.0,1,1,9.9,rj
3d621842b2ed28e2b474132480edac3c,22.77,1,1,14.99,sp
d79e8478eed9999493990b44955fb22e,22.54,1,1,14.99,rj
113e3a788b935f48aad63e1c41dac1bd,21.38,1,1,8.59,sp
3903c788ded8dc03b5ebab37a2f3e9a1,20.39,1,1,13.0,sp
1e483cc5c76fef08d3ca05f9a8af7d01,20.0,1,1,5.9,sp
c1dde11f12d05c478f5de2d7319ad3b2,19.89,1,1,12.5,sp
48efc9d94a9834137efd9ea76b065a38,19.62,1,1,10.9,pr
28f10b1c5e5abb9d4857745bede6147c,19.39,1,1,12.0,sp
4ebdc7e6cd6102a022dadc49156d4ea8,19.35,1,1,7.5,sp
0e44d110fa6a54e121cb2c095a77762f,16.05,1,1,4.2,sp
3dfd3dc96f7f8598eca74e9ac8a2fa31,15.78,1,1,8.0,sp
cf6f6bc4df3999b9c6440f124fb2f687,12.22,1,1,3.5,sp
